site,visit,cluster_id,dummy_count,overhead_pct,formal_bound,timestamp
google.com,1,12,40,30.6,0.3708,22:28:53
google.com,2,13,40,32.76,0.3708,22:28:52
google.com,3,13,40,30.02,0.3708,22:28:51
google.com,4,14,40,30.39,0.3708,22:28:50
google.com,5,12,40,32.89,0.3708,22:28:49
google.com,6,13,40,34.69,0.3708,22:28:48
google.com,7,14,40,35.07,0.3708,22:28:47
google.com,8,13,40,29.2,0.3708,22:28:46
google.com,9,14,40,36.84,0.3708,22:28:45
google.com,10,13,40,29.86,0.3708,22:28:44
youtube.com,1,14,40,31.01,0.3708,22:29:03
youtube.com,2,14,40,34.82,0.3708,22:29:02
youtube.com,3,13,40,31.35,0.3708,22:29:01
youtube.com,4,12,40,34.19,0.3708,22:29:00
youtube.com,5,13,40,29.8,0.3708,22:28:59
youtube.com,6,13,40,29.21,0.3708,22:28:58
youtube.com,7,14,40,28.34,0.3708,22:28:57
youtube.com,8,13,40,30.0,0.3708,22:28:56
youtube.com,9,13,40,27.84,0.3708,22:28:55
youtube.com,10,14,40,33.21,0.3708,22:28:54
facebook.com,1,14,40,29.22,0.3708,22:29:13
facebook.com,2,12,40,29.94,0.3708,22:29:12
facebook.com,3,14,40,34.26,0.3708,22:29:11
facebook.com,4,14,40,31.87,0.3708,22:29:10
facebook.com,5,13,40,30.09,0.3708,22:29:09
facebook.com,6,12,40,27.29,0.3708,22:29:08
facebook.com,7,14,40,29.72,0.3708,22:29:07
facebook.com,8,14,40,31.85,0.3708,22:29:06
facebook.com,9,12,40,33.24,0.3708,22:29:05
facebook.com,10,14,40,37.64,0.3708,22:29:04
twitter.com,1,13,40,32.53,0.3708,22:29:23
twitter.com,2,12,40,30.38,0.3708,22:29:22
twitter.com,3,13,40,27.59,0.3708,22:29:21
twitter.com,4,14,40,37.11,0.3708,22:29:20
twitter.com,5,13,40,29.37,0.3708,22:29:19
twitter.com,6,12,40,31.62,0.3708,22:29:18
twitter.com,7,12,40,29.53,0.3708,22:29:17
twitter.com,8,14,40,26.47,0.3708,22:29:16
twitter.com,9,14,40,32.46,0.3708,22:29:15
twitter.com,10,14,40,29.2,0.3708,22:29:14
instagram.com,1,13,40,28.66,0.3708,22:29:33
instagram.com,2,13,40,34.48,0.3708,22:29:32
instagram.com,3,13,40,32.37,0.3708,22:29:31
instagram.com,4,12,40,36.49,0.3708,22:29:30
instagram.com,5,13,40,21.35,0.3708,22:29:29
instagram.com,6,12,40,30.84,0.3708,22:29:28
instagram.com,7,12,40,30.14,0.3708,22:29:27
instagram.com,8,13,40,33.19,0.3708,22:29:26
instagram.com,9,14,40,31.04,0.3708,22:29:25
instagram.com,10,14,40,35.69,0.3708,22:29:24
linkedin.com,1,12,40,32.33,0.3708,22:29:43
linkedin.com,2,13,40,33.65,0.3708,22:29:42
linkedin.com,3,13,40,36.72,0.3708,22:29:41
linkedin.com,4,12,40,29.68,0.3708,22:29:40
linkedin.com,5,12,40,31.07,0.3708,22:29:39
linkedin.com,6,14,40,32.2,0.3708,22:29:38
linkedin.com,7,12,40,38.25,0.3708,22:29:37
linkedin.com,8,13,40,30.56,0.3708,22:29:36
linkedin.com,9,12,40,29.21,0.3708,22:29:35
linkedin.com,10,13,40,31.45,0.3708,22:29:34
reddit.com,1,12,40,33.28,0.3708,22:29:53
reddit.com,2,12,40,31.25,0.3708,22:29:52
reddit.com,3,13,40,32.97,0.3708,22:29:51
reddit.com,4,14,40,32.7,0.3708,22:29:50
reddit.com,5,14,40,36.34,0.3708,22:29:49
reddit.com,6,14,40,29.98,0.3708,22:29:48
reddit.com,7,13,40,26.85,0.3708,22:29:47
reddit.com,8,12,40,27.12,0.3708,22:29:46
reddit.com,9,13,40,28.5,0.3708,22:29:45
reddit.com,10,13,40,29.08,0.3708,22:29:44
wikipedia.org,1,12,40,31.94,0.3708,22:30:03
wikipedia.org,2,13,40,37.39,0.3708,22:30:02
wikipedia.org,3,12,40,30.42,0.3708,22:30:01
wikipedia.org,4,13,40,32.89,0.3708,22:30:00
wikipedia.org,5,13,40,30.67,0.3708,22:29:59
wikipedia.org,6,12,40,38.79,0.3708,22:29:58
wikipedia.org,7,13,40,35.46,0.3708,22:29:57
wikipedia.org,8,13,40,28.56,0.3708,22:29:56
wikipedia.org,9,12,40,34.66,0.3708,22:29:55
wikipedia.org,10,13,40,32.31,0.3708,22:29:54
amazon.com,1,14,40,19.76,0.3708,22:30:13
amazon.com,2,12,40,26.26,0.3708,22:30:12
amazon.com,3,13,40,25.96,0.3708,22:30:11
amazon.com,4,13,40,30.34,0.3708,22:30:10
amazon.com,5,12,40,28.47,0.3708,22:30:09
amazon.com,6,14,40,24.8,0.3708,22:30:08
amazon.com,7,12,40,31.96,0.3708,22:30:07
amazon.com,8,14,40,31.59,0.3708,22:30:06
amazon.com,9,14,40,28.9,0.3708,22:30:05
amazon.com,10,13,40,27.8,0.3708,22:30:04
netflix.com,1,12,40,34.06,0.3708,22:30:23
netflix.com,2,13,40,27.39,0.3708,22:30:22
netflix.com,3,12,40,37.08,0.3708,22:30:21
netflix.com,4,12,40,38.23,0.3708,22:30:20
netflix.com,5,14,40,29.79,0.3708,22:30:19
netflix.com,6,13,40,25.32,0.3708,22:30:18
netflix.com,7,13,40,34.89,0.3708,22:30:17
netflix.com,8,13,40,32.29,0.3708,22:30:16
netflix.com,9,14,40,32.4,0.3708,22:30:15
netflix.com,10,12,40,22.66,0.3708,22:30:14
github.com,1,13,40,31.95,0.3708,22:30:33
github.com,2,12,40,31.42,0.3708,22:30:32
github.com,3,12,40,31.02,0.3708,22:30:31
github.com,4,12,40,34.9,0.3708,22:30:30
github.com,5,13,40,34.26,0.3708,22:30:29
github.com,6,14,40,29.91,0.3708,22:30:28
github.com,7,13,40,31.92,0.3708,22:30:27
github.com,8,12,40,30.39,0.3708,22:30:26
github.com,9,13,40,29.16,0.3708,22:30:25
github.com,10,12,40,28.28,0.3708,22:30:24
stackoverflow.com,1,12,40,33.72,0.3708,22:30:43
stackoverflow.com,2,12,40,28.58,0.3708,22:30:42
stackoverflow.com,3,14,40,34.93,0.3708,22:30:41
stackoverflow.com,4,13,40,29.48,0.3708,22:30:40
stackoverflow.com,5,14,40,36.91,0.3708,22:30:39
stackoverflow.com,6,13,40,31.5,0.3708,22:30:38
stackoverflow.com,7,14,40,31.19,0.3708,22:30:37
stackoverflow.com,8,13,40,29.63,0.3708,22:30:36
stackoverflow.com,9,12,40,32.18,0.3708,22:30:35
stackoverflow.com,10,14,40,35.82,0.3708,22:30:34
medium.com,1,14,40,35.22,0.3708,22:30:53
medium.com,2,13,40,34.56,0.3708,22:30:52
medium.com,3,14,40,30.91,0.3708,22:30:51
medium.com,4,14,40,35.62,0.3708,22:30:50
medium.com,5,12,40,30.96,0.3708,22:30:49
medium.com,6,14,40,28.58,0.3708,22:30:48
medium.com,7,14,40,32.49,0.3708,22:30:47
medium.com,8,13,40,25.87,0.3708,22:30:46
medium.com,9,12,40,33.14,0.3708,22:30:45
medium.com,10,14,40,30.37,0.3708,22:30:44
quora.com,1,13,40,31.42,0.3708,22:31:03
quora.com,2,12,40,34.41,0.3708,22:31:02
quora.com,3,13,40,26.27,0.3708,22:31:01
quora.com,4,12,40,36.0,0.3708,22:31:00
quora.com,5,13,40,33.12,0.3708,22:30:59
quora.com,6,12,40,33.32,0.3708,22:30:58
quora.com,7,13,40,35.63,0.3708,22:30:57
quora.com,8,13,40,31.28,0.3708,22:30:56
quora.com,9,13,40,31.57,0.3708,22:30:55
quora.com,10,13,40,26.93,0.3708,22:30:54
pinterest.com,1,13,40,29.92,0.3708,22:31:13
pinterest.com,2,12,40,27.44,0.3708,22:31:12
pinterest.com,3,12,40,38.8,0.3708,22:31:11
pinterest.com,4,12,40,33.59,0.3708,22:31:10
pinterest.com,5,12,40,34.69,0.3708,22:31:09
pinterest.com,6,12,40,30.04,0.3708,22:31:08
pinterest.com,7,12,40,29.12,0.3708,22:31:07
pinterest.com,8,12,40,33.54,0.3708,22:31:06
pinterest.com,9,12,40,30.6,0.3708,22:31:05
pinterest.com,10,13,40,36.44,0.3708,22:31:04
tumblr.com,1,12,40,32.66,0.3708,22:31:23
tumblr.com,2,13,40,25.76,0.3708,22:31:22
tumblr.com,3,13,40,32.92,0.3708,22:31:21
tumblr.com,4,12,40,30.33,0.3708,22:31:20
tumblr.com,5,13,40,35.22,0.3708,22:31:19
tumblr.com,6,14,40,26.23,0.3708,22:31:18
tumblr.com,7,14,40,31.7,0.3708,22:31:17
tumblr.com,8,14,40,29.34,0.3708,22:31:16
tumblr.com,9,12,40,33.67,0.3708,22:31:15
tumblr.com,10,12,40,25.7,0.3708,22:31:14
wordpress.com,1,14,40,34.4,0.3708,22:31:33
wordpress.com,2,12,40,31.93,0.3708,22:31:32
wordpress.com,3,14,40,25.39,0.3708,22:31:31
wordpress.com,4,14,40,26.6,0.3708,22:31:30
wordpress.com,5,12,40,23.46,0.3708,22:31:29
wordpress.com,6,14,40,30.67,0.3708,22:31:28
wordpress.com,7,14,40,29.13,0.3708,22:31:27
wordpress.com,8,13,40,30.42,0.3708,22:31:26
wordpress.com,9,13,40,22.66,0.3708,22:31:25
wordpress.com,10,13,40,32.5,0.3708,22:31:24
blogger.com,1,12,40,28.71,0.3708,22:31:43
blogger.com,2,14,40,32.54,0.3708,22:31:42
blogger.com,3,12,40,28.9,0.3708,22:31:41
blogger.com,4,13,40,31.94,0.3708,22:31:40
blogger.com,5,13,40,33.59,0.3708,22:31:39
blogger.com,6,13,40,27.55,0.3708,22:31:38
blogger.com,7,12,40,33.89,0.3708,22:31:37
blogger.com,8,14,40,24.67,0.3708,22:31:36
blogger.com,9,12,40,34.17,0.3708,22:31:35
blogger.com,10,13,40,27.48,0.3708,22:31:34
yahoo.com,1,14,40,31.84,0.3708,22:31:53
yahoo.com,2,14,40,34.12,0.3708,22:31:52
yahoo.com,3,13,40,38.75,0.3708,22:31:51
yahoo.com,4,12,40,26.55,0.3708,22:31:50
yahoo.com,5,13,40,29.86,0.3708,22:31:49
yahoo.com,6,14,40,29.32,0.3708,22:31:48
yahoo.com,7,13,40,33.47,0.3708,22:31:47
yahoo.com,8,12,40,38.8,0.3708,22:31:46
yahoo.com,9,13,40,30.12,0.3708,22:31:45
yahoo.com,10,12,40,29.64,0.3708,22:31:44
bing.com,1,13,40,33.71,0.3708,22:32:03
bing.com,2,13,40,35.2,0.3708,22:32:02
bing.com,3,13,40,31.14,0.3708,22:32:01
bing.com,4,12,40,34.9,0.3708,22:32:00
bing.com,5,14,40,26.07,0.3708,22:31:59
bing.com,6,13,40,33.9,0.3708,22:31:58
bing.com,7,13,40,34.72,0.3708,22:31:57
bing.com,8,14,40,30.77,0.3708,22:31:56
bing.com,9,12,40,30.93,0.3708,22:31:55
bing.com,10,13,40,25.46,0.3708,22:31:54
duckduckgo.com,1,14,40,30.41,0.3708,22:32:13
duckduckgo.com,2,14,40,29.65,0.3708,22:32:12
duckduckgo.com,3,12,40,34.46,0.3708,22:32:11
duckduckgo.com,4,14,40,36.1,0.3708,22:32:10
duckduckgo.com,5,14,40,25.62,0.3708,22:32:09
duckduckgo.com,6,12,40,30.56,0.3708,22:32:08
duckduckgo.com,7,12,40,26.9,0.3708,22:32:07
duckduckgo.com,8,12,40,31.35,0.3708,22:32:06
duckduckgo.com,9,14,40,35.21,0.3708,22:32:05
duckduckgo.com,10,14,40,35.15,0.3708,22:32:04
baidu.com,1,13,40,33.49,0.3708,22:32:23
baidu.com,2,12,40,34.7,0.3708,22:32:22
baidu.com,3,13,40,32.1,0.3708,22:32:21
baidu.com,4,14,40,25.4,0.3708,22:32:20
baidu.com,5,13,40,28.35,0.3708,22:32:19
baidu.com,6,12,40,31.13,0.3708,22:32:18
baidu.com,7,12,40,26.19,0.3708,22:32:17
baidu.com,8,14,40,29.13,0.3708,22:32:16
baidu.com,9,13,40,32.17,0.3708,22:32:15
baidu.com,10,13,40,35.94,0.3708,22:32:14
nytimes.com,1,14,40,27.84,0.3708,22:32:33
nytimes.com,2,12,40,29.63,0.3708,22:32:32
nytimes.com,3,14,40,32.08,0.3708,22:32:31
nytimes.com,4,13,40,30.73,0.3708,22:32:30
nytimes.com,5,12,40,31.71,0.3708,22:32:29
nytimes.com,6,14,40,25.25,0.3708,22:32:28
nytimes.com,7,12,40,34.06,0.3708,22:32:27
nytimes.com,8,13,40,30.35,0.3708,22:32:26
nytimes.com,9,14,40,30.13,0.3708,22:32:25
nytimes.com,10,12,40,32.05,0.3708,22:32:24
bbc.com,1,12,40,28.67,0.3708,22:32:43
bbc.com,2,12,40,30.19,0.3708,22:32:42
bbc.com,3,12,40,30.69,0.3708,22:32:41
bbc.com,4,13,40,32.01,0.3708,22:32:40
bbc.com,5,13,40,38.74,0.3708,22:32:39
bbc.com,6,12,40,33.49,0.3708,22:32:38
bbc.com,7,13,40,26.9,0.3708,22:32:37
bbc.com,8,12,40,28.78,0.3708,22:32:36
bbc.com,9,13,40,34.01,0.3708,22:32:35
bbc.com,10,12,40,31.0,0.3708,22:32:34
cnn.com,1,14,40,31.01,0.3708,22:32:53
cnn.com,2,13,40,33.88,0.3708,22:32:52
cnn.com,3,13,40,22.3,0.3708,22:32:51
cnn.com,4,14,40,36.4,0.3708,22:32:50
cnn.com,5,14,40,30.29,0.3708,22:32:49
cnn.com,6,12,40,28.33,0.3708,22:32:48
cnn.com,7,13,40,34.73,0.3708,22:32:47
cnn.com,8,14,40,27.94,0.3708,22:32:46
cnn.com,9,13,40,32.67,0.3708,22:32:45
cnn.com,10,12,40,34.12,0.3708,22:32:44
theguardian.com,1,13,40,35.4,0.3708,22:33:03
theguardian.com,2,14,40,27.7,0.3708,22:33:02
theguardian.com,3,14,40,37.57,0.3708,22:33:01
theguardian.com,4,13,40,34.42,0.3708,22:33:00
theguardian.com,5,12,40,31.86,0.3708,22:32:59
theguardian.com,6,14,40,28.41,0.3708,22:32:58
theguardian.com,7,13,40,36.4,0.3708,22:32:57
theguardian.com,8,12,40,33.07,0.3708,22:32:56
theguardian.com,9,13,40,30.41,0.3708,22:32:55
theguardian.com,10,12,40,31.22,0.3708,22:32:54
washingtonpost.com,1,14,40,38.8,0.3708,22:33:13
washingtonpost.com,2,14,40,32.01,0.3708,22:33:12
washingtonpost.com,3,12,40,23.91,0.3708,22:33:11
washingtonpost.com,4,14,40,30.71,0.3708,22:33:10
washingtonpost.com,5,12,40,28.85,0.3708,22:33:09
washingtonpost.com,6,12,40,30.82,0.3708,22:33:08
washingtonpost.com,7,12,40,32.59,0.3708,22:33:07
washingtonpost.com,8,14,40,29.37,0.3708,22:33:06
washingtonpost.com,9,12,40,23.99,0.3708,22:33:05
washingtonpost.com,10,12,40,31.36,0.3708,22:33:04
reuters.com,1,13,40,31.43,0.3708,22:33:23
reuters.com,2,12,40,30.89,0.3708,22:33:22
reuters.com,3,13,40,29.98,0.3708,22:33:21
reuters.com,4,13,40,24.48,0.3708,22:33:20
reuters.com,5,14,40,30.76,0.3708,22:33:19
reuters.com,6,14,40,28.89,0.3708,22:33:18
reuters.com,7,13,40,30.83,0.3708,22:33:17
reuters.com,8,12,40,30.63,0.3708,22:33:16
reuters.com,9,13,40,36.51,0.3708,22:33:15
reuters.com,10,12,40,31.41,0.3708,22:33:14
bloomberg.com,1,14,40,30.85,0.3708,22:33:33
bloomberg.com,2,13,40,35.8,0.3708,22:33:32
bloomberg.com,3,12,40,36.5,0.3708,22:33:31
bloomberg.com,4,12,40,31.68,0.3708,22:33:30
bloomberg.com,5,12,40,22.73,0.3708,22:33:29
bloomberg.com,6,14,40,24.25,0.3708,22:33:28
bloomberg.com,7,12,40,38.0,0.3708,22:33:27
bloomberg.com,8,14,40,26.15,0.3708,22:33:26
bloomberg.com,9,12,40,31.57,0.3708,22:33:25
bloomberg.com,10,12,40,31.67,0.3708,22:33:24
forbes.com,1,12,40,29.09,0.3708,22:33:43
forbes.com,2,13,40,35.44,0.3708,22:33:42
forbes.com,3,12,40,29.15,0.3708,22:33:41
forbes.com,4,14,40,25.51,0.3708,22:33:40
forbes.com,5,12,40,32.91,0.3708,22:33:39
forbes.com,6,14,40,31.87,0.3708,22:33:38
forbes.com,7,14,40,33.53,0.3708,22:33:37
forbes.com,8,12,40,27.64,0.3708,22:33:36
forbes.com,9,13,40,34.74,0.3708,22:33:35
forbes.com,10,12,40,33.02,0.3708,22:33:34
techcrunch.com,1,12,40,33.72,0.3708,22:33:53
techcrunch.com,2,12,40,38.8,0.3708,22:33:52
techcrunch.com,3,14,40,32.08,0.3708,22:33:51
techcrunch.com,4,13,40,26.89,0.3708,22:33:50
techcrunch.com,5,12,40,31.84,0.3708,22:33:49
techcrunch.com,6,13,40,30.76,0.3708,22:33:48
techcrunch.com,7,13,40,38.8,0.3708,22:33:47
techcrunch.com,8,12,40,37.63,0.3708,22:33:46
techcrunch.com,9,14,40,33.57,0.3708,22:33:45
techcrunch.com,10,13,40,26.41,0.3708,22:33:44
wired.com,1,12,40,28.1,0.3708,22:34:03
wired.com,2,14,40,28.47,0.3708,22:34:02
wired.com,3,14,40,29.31,0.3708,22:34:01
wired.com,4,12,40,32.73,0.3708,22:34:00
wired.com,5,13,40,25.27,0.3708,22:33:59
wired.com,6,14,40,35.35,0.3708,22:33:58
wired.com,7,14,40,32.48,0.3708,22:33:57
wired.com,8,14,40,30.21,0.3708,22:33:56
wired.com,9,12,40,33.93,0.3708,22:33:55
wired.com,10,12,40,29.4,0.3708,22:33:54
arstechnica.com,1,14,40,34.14,0.3708,22:34:13
arstechnica.com,2,12,40,34.63,0.3708,22:34:12
arstechnica.com,3,13,40,29.81,0.3708,22:34:11
arstechnica.com,4,13,40,32.1,0.3708,22:34:10
arstechnica.com,5,13,40,34.22,0.3708,22:34:09
arstechnica.com,6,13,40,31.55,0.3708,22:34:08
arstechnica.com,7,12,40,28.83,0.3708,22:34:07
arstechnica.com,8,13,40,34.14,0.3708,22:34:06
arstechnica.com,9,13,40,26.81,0.3708,22:34:05
arstechnica.com,10,12,40,35.08,0.3708,22:34:04
theverge.com,1,13,40,37.18,0.3708,22:34:23
theverge.com,2,13,40,28.76,0.3708,22:34:22
theverge.com,3,12,40,32.28,0.3708,22:34:21
theverge.com,4,14,40,35.29,0.3708,22:34:20
theverge.com,5,13,40,33.16,0.3708,22:34:19
theverge.com,6,13,40,26.3,0.3708,22:34:18
theverge.com,7,13,40,33.71,0.3708,22:34:17
theverge.com,8,13,40,28.23,0.3708,22:34:16
theverge.com,9,12,40,26.21,0.3708,22:34:15
theverge.com,10,14,40,32.98,0.3708,22:34:14
engadget.com,1,14,40,37.06,0.3708,22:34:33
engadget.com,2,14,40,27.84,0.3708,22:34:32
engadget.com,3,12,40,32.64,0.3708,22:34:31
engadget.com,4,13,40,26.8,0.3708,22:34:30
engadget.com,5,13,40,33.14,0.3708,22:34:29
engadget.com,6,14,40,29.55,0.3708,22:34:28
engadget.com,7,13,40,30.15,0.3708,22:34:27
engadget.com,8,13,40,35.39,0.3708,22:34:26
engadget.com,9,14,40,29.95,0.3708,22:34:25
engadget.com,10,14,40,37.37,0.3708,22:34:24
apple.com,1,12,40,31.82,0.3708,22:34:43
apple.com,2,14,40,35.56,0.3708,22:34:42
apple.com,3,14,40,28.24,0.3708,22:34:41
apple.com,4,12,40,34.64,0.3708,22:34:40
apple.com,5,12,40,24.73,0.3708,22:34:39
apple.com,6,13,40,31.27,0.3708,22:34:38
apple.com,7,12,40,27.12,0.3708,22:34:37
apple.com,8,14,40,26.93,0.3708,22:34:36
apple.com,9,14,40,24.44,0.3708,22:34:35
apple.com,10,14,40,31.51,0.3708,22:34:34
microsoft.com,1,12,40,33.54,0.3708,22:34:53
microsoft.com,2,13,40,32.62,0.3708,22:34:52
microsoft.com,3,12,40,31.2,0.3708,22:34:51
microsoft.com,4,12,40,30.72,0.3708,22:34:50
microsoft.com,5,13,40,27.89,0.3708,22:34:49
microsoft.com,6,14,40,36.16,0.3708,22:34:48
microsoft.com,7,12,40,28.04,0.3708,22:34:47
microsoft.com,8,14,40,31.87,0.3708,22:34:46
microsoft.com,9,12,40,32.25,0.3708,22:34:45
microsoft.com,10,14,40,31.97,0.3708,22:34:44
samsung.com,1,13,40,36.0,0.3708,22:35:03
samsung.com,2,14,40,34.76,0.3708,22:35:02
samsung.com,3,13,40,30.2,0.3708,22:35:01
samsung.com,4,13,40,33.74,0.3708,22:35:00
samsung.com,5,13,40,26.72,0.3708,22:34:59
samsung.com,6,12,40,26.12,0.3708,22:34:58
samsung.com,7,13,40,30.89,0.3708,22:34:57
samsung.com,8,12,40,31.23,0.3708,22:34:56
samsung.com,9,14,40,31.9,0.3708,22:34:55
samsung.com,10,14,40,26.19,0.3708,22:34:54
sony.com,1,14,40,31.5,0.3708,22:35:13
sony.com,2,14,40,31.63,0.3708,22:35:12
sony.com,3,12,40,31.04,0.3708,22:35:11
sony.com,4,13,40,30.17,0.3708,22:35:10
sony.com,5,12,40,32.06,0.3708,22:35:09
sony.com,6,13,40,24.28,0.3708,22:35:08
sony.com,7,14,40,32.72,0.3708,22:35:07
sony.com,8,12,40,25.08,0.3708,22:35:06
sony.com,9,13,40,37.58,0.3708,22:35:05
sony.com,10,14,40,38.8,0.3708,22:35:04
lg.com,1,14,40,31.95,0.3708,22:35:23
lg.com,2,13,40,34.88,0.3708,22:35:22
lg.com,3,12,40,28.67,0.3708,22:35:21
lg.com,4,12,40,33.9,0.3708,22:35:20
lg.com,5,14,40,35.79,0.3708,22:35:19
lg.com,6,13,40,29.31,0.3708,22:35:18
lg.com,7,13,40,33.04,0.3708,22:35:17
lg.com,8,12,40,28.43,0.3708,22:35:16
lg.com,9,13,40,28.24,0.3708,22:35:15
lg.com,10,12,40,35.95,0.3708,22:35:14
adobe.com,1,14,40,37.82,0.3708,22:35:33
adobe.com,2,13,40,28.99,0.3708,22:35:32
adobe.com,3,12,40,27.99,0.3708,22:35:31
adobe.com,4,12,40,30.79,0.3708,22:35:30
adobe.com,5,12,40,31.57,0.3708,22:35:29
adobe.com,6,12,40,30.64,0.3708,22:35:28
adobe.com,7,12,40,33.1,0.3708,22:35:27
adobe.com,8,14,40,35.16,0.3708,22:35:26
adobe.com,9,13,40,29.12,0.3708,22:35:25
adobe.com,10,12,40,26.76,0.3708,22:35:24
dropbox.com,1,12,40,30.6,0.3708,22:35:43
dropbox.com,2,12,40,32.89,0.3708,22:35:42
dropbox.com,3,12,40,31.67,0.3708,22:35:41
dropbox.com,4,12,40,33.84,0.3708,22:35:40
dropbox.com,5,13,40,32.31,0.3708,22:35:39
dropbox.com,6,14,40,32.71,0.3708,22:35:38
dropbox.com,7,12,40,30.05,0.3708,22:35:37
dropbox.com,8,12,40,36.42,0.3708,22:35:36
dropbox.com,9,14,40,31.7,0.3708,22:35:35
dropbox.com,10,13,40,26.56,0.3708,22:35:34
slack.com,1,13,40,30.95,0.3708,22:35:53
slack.com,2,13,40,38.8,0.3708,22:35:52
slack.com,3,14,40,30.97,0.3708,22:35:51
slack.com,4,12,40,31.59,0.3708,22:35:50
slack.com,5,14,40,33.96,0.3708,22:35:49
slack.com,6,13,40,34.4,0.3708,22:35:48
slack.com,7,14,40,37.53,0.3708,22:35:47
slack.com,8,14,40,27.08,0.3708,22:35:46
slack.com,9,12,40,32.43,0.3708,22:35:45
slack.com,10,13,40,18.73,0.3708,22:35:44
zoom.us,1,13,40,32.17,0.3708,22:36:03
zoom.us,2,13,40,33.87,0.3708,22:36:02
zoom.us,3,12,40,31.55,0.3708,22:36:01
zoom.us,4,13,40,34.25,0.3708,22:36:00
zoom.us,5,12,40,32.13,0.3708,22:35:59
zoom.us,6,12,40,33.1,0.3708,22:35:58
zoom.us,7,12,40,28.63,0.3708,22:35:57
zoom.us,8,13,40,31.7,0.3708,22:35:56
zoom.us,9,14,40,25.58,0.3708,22:35:55
zoom.us,10,13,40,29.31,0.3708,22:35:54
trello.com,1,13,40,25.93,0.3708,22:36:13
trello.com,2,12,40,27.0,0.3708,22:36:12
trello.com,3,13,40,30.44,0.3708,22:36:11
trello.com,4,13,40,30.41,0.3708,22:36:10
trello.com,5,14,40,33.83,0.3708,22:36:09
trello.com,6,12,40,26.4,0.3708,22:36:08
trello.com,7,12,40,34.46,0.3708,22:36:07
trello.com,8,12,40,30.31,0.3708,22:36:06
trello.com,9,13,40,34.85,0.3708,22:36:05
trello.com,10,14,40,34.59,0.3708,22:36:04
spotify.com,1,13,40,31.17,0.3708,22:36:23
spotify.com,2,12,40,27.02,0.3708,22:36:22
spotify.com,3,14,40,32.54,0.3708,22:36:21
spotify.com,4,12,40,35.89,0.3708,22:36:20
spotify.com,5,14,40,38.8,0.3708,22:36:19
spotify.com,6,12,40,35.27,0.3708,22:36:18
spotify.com,7,12,40,34.93,0.3708,22:36:17
spotify.com,8,13,40,29.76,0.3708,22:36:16
spotify.com,9,13,40,34.81,0.3708,22:36:15
spotify.com,10,12,40,26.85,0.3708,22:36:14
soundcloud.com,1,14,40,30.94,0.3708,22:36:33
soundcloud.com,2,14,40,30.07,0.3708,22:36:32
soundcloud.com,3,14,40,26.96,0.3708,22:36:31
soundcloud.com,4,13,40,32.98,0.3708,22:36:30
soundcloud.com,5,13,40,37.66,0.3708,22:36:29
soundcloud.com,6,13,40,34.0,0.3708,22:36:28
soundcloud.com,7,13,40,33.76,0.3708,22:36:27
soundcloud.com,8,14,40,28.27,0.3708,22:36:26
soundcloud.com,9,13,40,36.37,0.3708,22:36:25
soundcloud.com,10,13,40,33.26,0.3708,22:36:24
twitch.tv,1,14,40,32.3,0.3708,22:36:43
twitch.tv,2,14,40,31.47,0.3708,22:36:42
twitch.tv,3,14,40,27.77,0.3708,22:36:41
twitch.tv,4,14,40,34.12,0.3708,22:36:40
twitch.tv,5,14,40,32.85,0.3708,22:36:39
twitch.tv,6,13,40,27.87,0.3708,22:36:38
twitch.tv,7,12,40,31.28,0.3708,22:36:37
twitch.tv,8,14,40,28.97,0.3708,22:36:36
twitch.tv,9,13,40,31.51,0.3708,22:36:35
twitch.tv,10,14,40,27.04,0.3708,22:36:34
tiktok.com,1,12,40,37.53,0.3708,22:36:53
tiktok.com,2,13,40,35.05,0.3708,22:36:52
tiktok.com,3,12,40,27.21,0.3708,22:36:51
tiktok.com,4,14,40,26.87,0.3708,22:36:50
tiktok.com,5,12,40,34.54,0.3708,22:36:49
tiktok.com,6,12,40,30.38,0.3708,22:36:48
tiktok.com,7,12,40,31.25,0.3708,22:36:47
tiktok.com,8,14,40,29.45,0.3708,22:36:46
tiktok.com,9,14,40,32.98,0.3708,22:36:45
tiktok.com,10,13,40,29.89,0.3708,22:36:44
snapchat.com,1,14,40,29.07,0.3708,22:37:03
snapchat.com,2,12,40,28.2,0.3708,22:37:02
snapchat.com,3,12,40,28.45,0.3708,22:37:01
snapchat.com,4,12,40,29.85,0.3708,22:37:00
snapchat.com,5,13,40,30.43,0.3708,22:36:59
snapchat.com,6,13,40,31.93,0.3708,22:36:58
snapchat.com,7,12,40,25.92,0.3708,22:36:57
snapchat.com,8,12,40,34.14,0.3708,22:36:56
snapchat.com,9,12,40,30.28,0.3708,22:36:55
snapchat.com,10,12,40,32.74,0.3708,22:36:54
whatsapp.com,1,12,40,28.48,0.3708,22:37:13
whatsapp.com,2,13,40,36.95,0.3708,22:37:12
whatsapp.com,3,12,40,32.36,0.3708,22:37:11
whatsapp.com,4,12,40,32.25,0.3708,22:37:10
whatsapp.com,5,13,40,30.37,0.3708,22:37:09
whatsapp.com,6,13,40,34.58,0.3708,22:37:08
whatsapp.com,7,12,40,31.38,0.3708,22:37:07
whatsapp.com,8,12,40,38.8,0.3708,22:37:06
whatsapp.com,9,12,40,30.23,0.3708,22:37:05
whatsapp.com,10,13,40,34.32,0.3708,22:37:04
telegram.org,1,12,40,32.84,0.3708,22:37:23
telegram.org,2,13,40,36.34,0.3708,22:37:22
telegram.org,3,12,40,32.63,0.3708,22:37:21
telegram.org,4,13,40,33.28,0.3708,22:37:20
telegram.org,5,14,40,30.4,0.3708,22:37:19
telegram.org,6,14,40,29.7,0.3708,22:37:18
telegram.org,7,13,40,30.77,0.3708,22:37:17
telegram.org,8,12,40,27.75,0.3708,22:37:16
telegram.org,9,14,40,30.43,0.3708,22:37:15
telegram.org,10,13,40,30.92,0.3708,22:37:14
discord.com,1,14,40,30.54,0.3708,22:37:33
discord.com,2,12,40,24.34,0.3708,22:37:32
discord.com,3,13,40,26.8,0.3708,22:37:31
discord.com,4,14,40,32.12,0.3708,22:37:30
discord.com,5,14,40,28.99,0.3708,22:37:29
discord.com,6,14,40,28.96,0.3708,22:37:28
discord.com,7,14,40,29.51,0.3708,22:37:27
discord.com,8,13,40,32.42,0.3708,22:37:26
discord.com,9,14,40,30.78,0.3708,22:37:25
discord.com,10,14,40,27.03,0.3708,22:37:24
signal.org,1,12,40,36.01,0.3708,22:37:43
signal.org,2,14,40,28.61,0.3708,22:37:42
signal.org,3,14,40,30.72,0.3708,22:37:41
signal.org,4,12,40,32.55,0.3708,22:37:40
signal.org,5,14,40,31.68,0.3708,22:37:39
signal.org,6,14,40,32.49,0.3708,22:37:38
signal.org,7,13,40,28.74,0.3708,22:37:37
signal.org,8,12,40,31.44,0.3708,22:37:36
signal.org,9,13,40,29.6,0.3708,22:37:35
signal.org,10,13,40,34.72,0.3708,22:37:34
skype.com,1,12,40,31.21,0.3708,22:37:53
skype.com,2,14,40,31.31,0.3708,22:37:52
skype.com,3,12,40,29.75,0.3708,22:37:51
skype.com,4,12,40,27.22,0.3708,22:37:50
skype.com,5,14,40,36.02,0.3708,22:37:49
skype.com,6,14,40,33.93,0.3708,22:37:48
skype.com,7,14,40,29.05,0.3708,22:37:47
skype.com,8,14,40,31.57,0.3708,22:37:46
skype.com,9,12,40,25.24,0.3708,22:37:45
skype.com,10,14,40,28.21,0.3708,22:37:44
paypal.com,1,12,40,32.67,0.3708,22:38:03
paypal.com,2,13,40,32.03,0.3708,22:38:02
paypal.com,3,12,40,26.26,0.3708,22:38:01
paypal.com,4,13,40,35.59,0.3708,22:38:00
paypal.com,5,14,40,33.73,0.3708,22:37:59
paypal.com,6,14,40,35.69,0.3708,22:37:58
paypal.com,7,14,40,29.64,0.3708,22:37:57
paypal.com,8,13,40,28.75,0.3708,22:37:56
paypal.com,9,13,40,31.85,0.3708,22:37:55
paypal.com,10,13,40,26.81,0.3708,22:37:54
stripe.com,1,13,40,30.73,0.3708,22:38:13
stripe.com,2,12,40,25.24,0.3708,22:38:12
stripe.com,3,12,40,31.11,0.3708,22:38:11
stripe.com,4,14,40,25.52,0.3708,22:38:10
stripe.com,5,14,40,35.58,0.3708,22:38:09
stripe.com,6,14,40,28.23,0.3708,22:38:08
stripe.com,7,14,40,32.76,0.3708,22:38:07
stripe.com,8,12,40,36.85,0.3708,22:38:06
stripe.com,9,14,40,37.41,0.3708,22:38:05
stripe.com,10,13,40,26.8,0.3708,22:38:04
shopify.com,1,14,40,27.81,0.3708,22:38:23
shopify.com,2,14,40,28.28,0.3708,22:38:22
shopify.com,3,13,40,35.18,0.3708,22:38:21
shopify.com,4,14,40,27.29,0.3708,22:38:20
shopify.com,5,13,40,28.4,0.3708,22:38:19
shopify.com,6,13,40,27.67,0.3708,22:38:18
shopify.com,7,12,40,27.06,0.3708,22:38:17
shopify.com,8,13,40,33.37,0.3708,22:38:16
shopify.com,9,13,40,31.03,0.3708,22:38:15
shopify.com,10,12,40,27.67,0.3708,22:38:14
ebay.com,1,14,40,38.8,0.3708,22:38:33
ebay.com,2,13,40,34.06,0.3708,22:38:32
ebay.com,3,13,40,27.05,0.3708,22:38:31
ebay.com,4,13,40,35.85,0.3708,22:38:30
ebay.com,5,12,40,34.51,0.3708,22:38:29
ebay.com,6,13,40,35.76,0.3708,22:38:28
ebay.com,7,14,40,31.03,0.3708,22:38:27
ebay.com,8,13,40,33.49,0.3708,22:38:26
ebay.com,9,14,40,29.4,0.3708,22:38:25
ebay.com,10,14,40,24.01,0.3708,22:38:24
etsy.com,1,14,40,30.32,0.3708,22:38:43
etsy.com,2,14,40,29.0,0.3708,22:38:42
etsy.com,3,14,40,29.79,0.3708,22:38:41
etsy.com,4,14,40,33.97,0.3708,22:38:40
etsy.com,5,14,40,26.69,0.3708,22:38:39
etsy.com,6,12,40,33.14,0.3708,22:38:38
etsy.com,7,13,40,30.19,0.3708,22:38:37
etsy.com,8,12,40,36.21,0.3708,22:38:36
etsy.com,9,12,40,31.62,0.3708,22:38:35
etsy.com,10,12,40,28.44,0.3708,22:38:34
airbnb.com,1,12,40,31.25,0.3708,22:38:53
airbnb.com,2,13,40,26.06,0.3708,22:38:52
airbnb.com,3,13,40,35.81,0.3708,22:38:51
airbnb.com,4,12,40,35.85,0.3708,22:38:50
airbnb.com,5,12,40,33.06,0.3708,22:38:49
airbnb.com,6,12,40,32.04,0.3708,22:38:48
airbnb.com,7,14,40,35.49,0.3708,22:38:47
airbnb.com,8,13,40,33.93,0.3708,22:38:46
airbnb.com,9,12,40,33.38,0.3708,22:38:45
airbnb.com,10,12,40,37.68,0.3708,22:38:44
booking.com,1,13,40,32.05,0.3708,22:39:03
booking.com,2,14,40,26.26,0.3708,22:39:02
booking.com,3,14,40,35.35,0.3708,22:39:01
booking.com,4,14,40,33.63,0.3708,22:39:00
booking.com,5,14,40,32.09,0.3708,22:38:59
booking.com,6,12,40,24.13,0.3708,22:38:58
booking.com,7,12,40,33.36,0.3708,22:38:57
booking.com,8,13,40,34.61,0.3708,22:38:56
booking.com,9,13,40,30.83,0.3708,22:38:55
booking.com,10,14,40,32.89,0.3708,22:38:54
tripadvisor.com,1,13,40,38.8,0.3708,22:39:13
tripadvisor.com,2,13,40,35.9,0.3708,22:39:12
tripadvisor.com,3,12,40,37.83,0.3708,22:39:11
tripadvisor.com,4,13,40,29.79,0.3708,22:39:10
tripadvisor.com,5,13,40,28.27,0.3708,22:39:09
tripadvisor.com,6,14,40,36.52,0.3708,22:39:08
tripadvisor.com,7,14,40,28.04,0.3708,22:39:07
tripadvisor.com,8,14,40,31.64,0.3708,22:39:06
tripadvisor.com,9,13,40,35.9,0.3708,22:39:05
tripadvisor.com,10,14,40,27.48,0.3708,22:39:04
expedia.com,1,13,40,29.97,0.3708,22:39:23
expedia.com,2,13,40,26.54,0.3708,22:39:22
expedia.com,3,13,40,30.07,0.3708,22:39:21
expedia.com,4,12,40,25.13,0.3708,22:39:20
expedia.com,5,14,40,29.69,0.3708,22:39:19
expedia.com,6,12,40,32.41,0.3708,22:39:18
expedia.com,7,14,40,32.26,0.3708,22:39:17
expedia.com,8,13,40,31.36,0.3708,22:39:16
expedia.com,9,13,40,28.87,0.3708,22:39:15
expedia.com,10,14,40,38.47,0.3708,22:39:14
kayak.com,1,13,40,28.87,0.3708,22:39:33
kayak.com,2,14,40,31.27,0.3708,22:39:32
kayak.com,3,13,40,31.7,0.3708,22:39:31
kayak.com,4,12,40,30.07,0.3708,22:39:30
kayak.com,5,13,40,32.19,0.3708,22:39:29
kayak.com,6,13,40,30.66,0.3708,22:39:28
kayak.com,7,12,40,33.15,0.3708,22:39:27
kayak.com,8,14,40,33.76,0.3708,22:39:26
kayak.com,9,12,40,30.99,0.3708,22:39:25
kayak.com,10,12,40,36.25,0.3708,22:39:24
uber.com,1,13,40,32.63,0.3708,22:39:43
uber.com,2,12,40,32.58,0.3708,22:39:42
uber.com,3,12,40,23.68,0.3708,22:39:41
uber.com,4,12,40,35.21,0.3708,22:39:40
uber.com,5,12,40,33.08,0.3708,22:39:39
uber.com,6,13,40,26.33,0.3708,22:39:38
uber.com,7,13,40,37.21,0.3708,22:39:37
uber.com,8,13,40,30.04,0.3708,22:39:36
uber.com,9,12,40,28.83,0.3708,22:39:35
uber.com,10,13,40,30.57,0.3708,22:39:34
lyft.com,1,12,40,28.13,0.3708,22:39:53
lyft.com,2,12,40,33.94,0.3708,22:39:52
lyft.com,3,14,40,35.05,0.3708,22:39:51
lyft.com,4,14,40,37.23,0.3708,22:39:50
lyft.com,5,14,40,32.1,0.3708,22:39:49
lyft.com,6,14,40,33.35,0.3708,22:39:48
lyft.com,7,14,40,28.41,0.3708,22:39:47
lyft.com,8,13,40,33.8,0.3708,22:39:46
lyft.com,9,12,40,38.8,0.3708,22:39:45
lyft.com,10,12,40,32.03,0.3708,22:39:44
doordash.com,1,14,40,27.18,0.3708,22:40:03
doordash.com,2,14,40,38.01,0.3708,22:40:02
doordash.com,3,12,40,33.13,0.3708,22:40:01
doordash.com,4,14,40,33.96,0.3708,22:40:00
doordash.com,5,13,40,29.14,0.3708,22:39:59
doordash.com,6,12,40,35.68,0.3708,22:39:58
doordash.com,7,12,40,31.13,0.3708,22:39:57
doordash.com,8,12,40,30.83,0.3708,22:39:56
doordash.com,9,14,40,34.23,0.3708,22:39:55
doordash.com,10,13,40,33.44,0.3708,22:39:54
grubhub.com,1,14,40,37.12,0.3708,22:40:13
grubhub.com,2,13,40,29.28,0.3708,22:40:12
grubhub.com,3,13,40,35.92,0.3708,22:40:11
grubhub.com,4,13,40,31.96,0.3708,22:40:10
grubhub.com,5,12,40,32.08,0.3708,22:40:09
grubhub.com,6,14,40,32.79,0.3708,22:40:08
grubhub.com,7,12,40,33.22,0.3708,22:40:07
grubhub.com,8,14,40,26.52,0.3708,22:40:06
grubhub.com,9,14,40,35.68,0.3708,22:40:05
grubhub.com,10,13,40,28.67,0.3708,22:40:04
instacart.com,1,12,40,37.12,0.3708,22:40:23
instacart.com,2,13,40,30.98,0.3708,22:40:22
instacart.com,3,12,40,26.56,0.3708,22:40:21
instacart.com,4,12,40,29.15,0.3708,22:40:20
instacart.com,5,12,40,30.85,0.3708,22:40:19
instacart.com,6,12,40,33.56,0.3708,22:40:18
instacart.com,7,12,40,38.49,0.3708,22:40:17
instacart.com,8,14,40,22.67,0.3708,22:40:16
instacart.com,9,13,40,33.16,0.3708,22:40:15
instacart.com,10,13,40,33.34,0.3708,22:40:14
coursera.org,1,14,40,30.74,0.3708,22:40:33
coursera.org,2,12,40,34.18,0.3708,22:40:32
coursera.org,3,12,40,36.34,0.3708,22:40:31
coursera.org,4,12,40,26.91,0.3708,22:40:30
coursera.org,5,14,40,33.68,0.3708,22:40:29
coursera.org,6,14,40,27.61,0.3708,22:40:28
coursera.org,7,14,40,28.68,0.3708,22:40:27
coursera.org,8,14,40,30.26,0.3708,22:40:26
coursera.org,9,12,40,36.89,0.3708,22:40:25
coursera.org,10,12,40,34.09,0.3708,22:40:24
udemy.com,1,13,40,35.77,0.3708,22:40:43
udemy.com,2,12,40,27.52,0.3708,22:40:42
udemy.com,3,13,40,29.79,0.3708,22:40:41
udemy.com,4,13,40,29.17,0.3708,22:40:40
udemy.com,5,12,40,34.3,0.3708,22:40:39
udemy.com,6,13,40,36.2,0.3708,22:40:38
udemy.com,7,12,40,31.14,0.3708,22:40:37
udemy.com,8,14,40,26.57,0.3708,22:40:36
udemy.com,9,12,40,28.21,0.3708,22:40:35
udemy.com,10,13,40,33.19,0.3708,22:40:34
edx.org,1,12,40,28.48,0.3708,22:40:53
edx.org,2,12,40,30.62,0.3708,22:40:52
edx.org,3,14,40,35.55,0.3708,22:40:51
edx.org,4,12,40,24.29,0.3708,22:40:50
edx.org,5,12,40,34.69,0.3708,22:40:49
edx.org,6,12,40,36.3,0.3708,22:40:48
edx.org,7,13,40,33.33,0.3708,22:40:47
edx.org,8,13,40,35.44,0.3708,22:40:46
edx.org,9,13,40,38.8,0.3708,22:40:45
edx.org,10,14,40,28.61,0.3708,22:40:44
khanacademy.org,1,13,40,30.1,0.3708,22:41:03
khanacademy.org,2,12,40,27.85,0.3708,22:41:02
khanacademy.org,3,12,40,28.65,0.3708,22:41:01
khanacademy.org,4,14,40,28.31,0.3708,22:41:00
khanacademy.org,5,14,40,37.33,0.3708,22:40:59
khanacademy.org,6,12,40,38.8,0.3708,22:40:58
khanacademy.org,7,14,40,29.71,0.3708,22:40:57
khanacademy.org,8,14,40,29.44,0.3708,22:40:56
khanacademy.org,9,12,40,28.73,0.3708,22:40:55
khanacademy.org,10,14,40,30.83,0.3708,22:40:54
duolingo.com,1,12,40,29.03,0.3708,22:41:13
duolingo.com,2,13,40,30.68,0.3708,22:41:12
duolingo.com,3,13,40,33.11,0.3708,22:41:11
duolingo.com,4,12,40,30.68,0.3708,22:41:10
duolingo.com,5,13,40,22.31,0.3708,22:41:09
duolingo.com,6,12,40,35.14,0.3708,22:41:08
duolingo.com,7,14,40,26.14,0.3708,22:41:07
duolingo.com,8,12,40,34.08,0.3708,22:41:06
duolingo.com,9,12,40,27.22,0.3708,22:41:05
duolingo.com,10,13,40,27.29,0.3708,22:41:04
mit.edu,1,13,40,30.39,0.3708,22:41:23
mit.edu,2,12,40,29.41,0.3708,22:41:22
mit.edu,3,12,40,34.97,0.3708,22:41:21
mit.edu,4,14,40,33.72,0.3708,22:41:20
mit.edu,5,14,40,38.11,0.3708,22:41:19
mit.edu,6,14,40,32.25,0.3708,22:41:18
mit.edu,7,13,40,32.11,0.3708,22:41:17
mit.edu,8,14,40,38.13,0.3708,22:41:16
mit.edu,9,12,40,38.35,0.3708,22:41:15
mit.edu,10,14,40,36.09,0.3708,22:41:14
stanford.edu,1,13,40,34.0,0.3708,22:41:33
stanford.edu,2,14,40,34.23,0.3708,22:41:32
stanford.edu,3,12,40,26.12,0.3708,22:41:31
stanford.edu,4,14,40,31.48,0.3708,22:41:30
stanford.edu,5,14,40,27.21,0.3708,22:41:29
stanford.edu,6,12,40,35.71,0.3708,22:41:28
stanford.edu,7,14,40,28.32,0.3708,22:41:27
stanford.edu,8,14,40,29.33,0.3708,22:41:26
stanford.edu,9,12,40,28.7,0.3708,22:41:25
stanford.edu,10,14,40,30.6,0.3708,22:41:24
harvard.edu,1,13,40,38.33,0.3708,22:41:43
harvard.edu,2,14,40,35.44,0.3708,22:41:42
harvard.edu,3,14,40,28.18,0.3708,22:41:41
harvard.edu,4,12,40,34.22,0.3708,22:41:40
harvard.edu,5,14,40,31.47,0.3708,22:41:39
harvard.edu,6,14,40,31.48,0.3708,22:41:38
harvard.edu,7,14,40,26.05,0.3708,22:41:37
harvard.edu,8,14,40,30.52,0.3708,22:41:36
harvard.edu,9,14,40,32.8,0.3708,22:41:35
harvard.edu,10,12,40,30.37,0.3708,22:41:34
ox.ac.uk,1,13,40,34.26,0.3708,22:41:53
ox.ac.uk,2,13,40,31.96,0.3708,22:41:52
ox.ac.uk,3,13,40,32.76,0.3708,22:41:51
ox.ac.uk,4,12,40,32.91,0.3708,22:41:50
ox.ac.uk,5,14,40,24.2,0.3708,22:41:49
ox.ac.uk,6,13,40,38.8,0.3708,22:41:48
ox.ac.uk,7,13,40,27.78,0.3708,22:41:47
ox.ac.uk,8,14,40,32.06,0.3708,22:41:46
ox.ac.uk,9,14,40,38.31,0.3708,22:41:45
ox.ac.uk,10,12,40,32.46,0.3708,22:41:44
cambridge.org,1,12,40,38.8,0.3708,22:42:03
cambridge.org,2,12,40,27.82,0.3708,22:42:02
cambridge.org,3,13,40,29.12,0.3708,22:42:01
cambridge.org,4,12,40,29.9,0.3708,22:42:00
cambridge.org,5,13,40,27.53,0.3708,22:41:59
cambridge.org,6,13,40,32.23,0.3708,22:41:58
cambridge.org,7,14,40,28.75,0.3708,22:41:57
cambridge.org,8,13,40,31.7,0.3708,22:41:56
cambridge.org,9,12,40,31.01,0.3708,22:41:55
cambridge.org,10,13,40,34.16,0.3708,22:41:54
arxiv.org,1,12,40,27.88,0.3708,22:42:13
arxiv.org,2,12,40,33.7,0.3708,22:42:12
arxiv.org,3,14,40,30.62,0.3708,22:42:11
arxiv.org,4,13,40,31.09,0.3708,22:42:10
arxiv.org,5,12,40,35.98,0.3708,22:42:09
arxiv.org,6,14,40,29.74,0.3708,22:42:08
arxiv.org,7,14,40,33.9,0.3708,22:42:07
arxiv.org,8,12,40,28.57,0.3708,22:42:06
arxiv.org,9,14,40,34.85,0.3708,22:42:05
arxiv.org,10,14,40,32.76,0.3708,22:42:04
nature.com,1,12,40,31.91,0.3708,22:42:23
nature.com,2,12,40,31.53,0.3708,22:42:22
nature.com,3,12,40,31.86,0.3708,22:42:21
nature.com,4,14,40,36.18,0.3708,22:42:20
nature.com,5,14,40,34.14,0.3708,22:42:19
nature.com,6,14,40,25.85,0.3708,22:42:18
nature.com,7,12,40,26.01,0.3708,22:42:17
nature.com,8,14,40,31.72,0.3708,22:42:16
nature.com,9,12,40,37.86,0.3708,22:42:15
nature.com,10,12,40,33.42,0.3708,22:42:14
science.org,1,13,40,26.38,0.3708,22:42:33
science.org,2,12,40,29.32,0.3708,22:42:32
science.org,3,13,40,32.65,0.3708,22:42:31
science.org,4,14,40,31.24,0.3708,22:42:30
science.org,5,14,40,31.38,0.3708,22:42:29
science.org,6,12,40,38.5,0.3708,22:42:28
science.org,7,13,40,35.04,0.3708,22:42:27
science.org,8,14,40,26.79,0.3708,22:42:26
science.org,9,12,40,25.99,0.3708,22:42:25
science.org,10,13,40,30.39,0.3708,22:42:24
pubmed.ncbi.nlm.nih.gov,1,13,40,30.48,0.3708,22:42:43
pubmed.ncbi.nlm.nih.gov,2,14,40,34.37,0.3708,22:42:42
pubmed.ncbi.nlm.nih.gov,3,13,40,30.64,0.3708,22:42:41
pubmed.ncbi.nlm.nih.gov,4,13,40,27.07,0.3708,22:42:40
pubmed.ncbi.nlm.nih.gov,5,13,40,31.78,0.3708,22:42:39
pubmed.ncbi.nlm.nih.gov,6,13,40,28.27,0.3708,22:42:38
pubmed.ncbi.nlm.nih.gov,7,12,40,35.28,0.3708,22:42:37
pubmed.ncbi.nlm.nih.gov,8,12,40,36.33,0.3708,22:42:36
pubmed.ncbi.nlm.nih.gov,9,14,40,23.46,0.3708,22:42:35
pubmed.ncbi.nlm.nih.gov,10,14,40,34.45,0.3708,22:42:34
ieee.org,1,14,40,30.78,0.3708,22:42:53
ieee.org,2,14,40,32.36,0.3708,22:42:52
ieee.org,3,14,40,38.59,0.3708,22:42:51
ieee.org,4,12,40,29.23,0.3708,22:42:50
ieee.org,5,13,40,30.93,0.3708,22:42:49
ieee.org,6,13,40,33.36,0.3708,22:42:48
ieee.org,7,12,40,35.61,0.3708,22:42:47
ieee.org,8,14,40,32.27,0.3708,22:42:46
ieee.org,9,13,40,35.03,0.3708,22:42:45
ieee.org,10,14,40,32.18,0.3708,22:42:44
python.org,1,14,40,24.12,0.3708,22:43:03
python.org,2,13,40,32.56,0.3708,22:43:02
python.org,3,14,40,30.72,0.3708,22:43:01
python.org,4,12,40,34.88,0.3708,22:43:00
python.org,5,12,40,36.55,0.3708,22:42:59
python.org,6,13,40,32.13,0.3708,22:42:58
python.org,7,13,40,27.9,0.3708,22:42:57
python.org,8,14,40,31.77,0.3708,22:42:56
python.org,9,14,40,34.43,0.3708,22:42:55
python.org,10,12,40,29.58,0.3708,22:42:54
nodejs.org,1,13,40,32.0,0.3708,22:43:13
nodejs.org,2,14,40,27.41,0.3708,22:43:12
nodejs.org,3,12,40,36.62,0.3708,22:43:11
nodejs.org,4,14,40,26.04,0.3708,22:43:10
nodejs.org,5,12,40,35.53,0.3708,22:43:09
nodejs.org,6,12,40,28.84,0.3708,22:43:08
nodejs.org,7,14,40,28.27,0.3708,22:43:07
nodejs.org,8,13,40,34.67,0.3708,22:43:06
nodejs.org,9,14,40,35.93,0.3708,22:43:05
nodejs.org,10,12,40,26.67,0.3708,22:43:04
reactjs.org,1,12,40,27.89,0.3708,22:43:23
reactjs.org,2,12,40,33.35,0.3708,22:43:22
reactjs.org,3,14,40,35.09,0.3708,22:43:21
reactjs.org,4,13,40,29.38,0.3708,22:43:20
reactjs.org,5,12,40,31.61,0.3708,22:43:19
reactjs.org,6,12,40,36.35,0.3708,22:43:18
reactjs.org,7,12,40,32.11,0.3708,22:43:17
reactjs.org,8,14,40,34.27,0.3708,22:43:16
reactjs.org,9,13,40,28.44,0.3708,22:43:15
reactjs.org,10,14,40,35.77,0.3708,22:43:14
vuejs.org,1,14,40,31.41,0.3708,22:43:33
vuejs.org,2,14,40,31.75,0.3708,22:43:32
vuejs.org,3,12,40,31.08,0.3708,22:43:31
vuejs.org,4,13,40,28.96,0.3708,22:43:30
vuejs.org,5,12,40,35.51,0.3708,22:43:29
vuejs.org,6,12,40,30.23,0.3708,22:43:28
vuejs.org,7,13,40,32.44,0.3708,22:43:27
vuejs.org,8,13,40,25.59,0.3708,22:43:26
vuejs.org,9,12,40,33.15,0.3708,22:43:25
vuejs.org,10,12,40,32.58,0.3708,22:43:24
angular.io,1,13,40,31.49,0.3708,22:43:43
angular.io,2,12,40,25.16,0.3708,22:43:42
angular.io,3,14,40,32.89,0.3708,22:43:41
angular.io,4,12,40,28.25,0.3708,22:43:40
angular.io,5,13,40,30.49,0.3708,22:43:39
angular.io,6,13,40,34.34,0.3708,22:43:38
angular.io,7,13,40,31.42,0.3708,22:43:37
angular.io,8,12,40,30.25,0.3708,22:43:36
angular.io,9,12,40,29.96,0.3708,22:43:35
angular.io,10,14,40,24.54,0.3708,22:43:34
docker.com,1,14,40,32.66,0.3708,22:43:53
docker.com,2,12,40,29.96,0.3708,22:43:52
docker.com,3,12,40,28.12,0.3708,22:43:51
docker.com,4,12,40,25.26,0.3708,22:43:50
docker.com,5,12,40,34.61,0.3708,22:43:49
docker.com,6,14,40,35.67,0.3708,22:43:48
docker.com,7,12,40,33.56,0.3708,22:43:47
docker.com,8,14,40,30.44,0.3708,22:43:46
docker.com,9,12,40,28.94,0.3708,22:43:45
docker.com,10,12,40,32.13,0.3708,22:43:44
kubernetes.io,1,14,40,33.69,0.3708,22:44:03
kubernetes.io,2,14,40,31.47,0.3708,22:44:02
kubernetes.io,3,14,40,29.93,0.3708,22:44:01
kubernetes.io,4,13,40,33.72,0.3708,22:44:00
kubernetes.io,5,13,40,37.09,0.3708,22:43:59
kubernetes.io,6,14,40,28.56,0.3708,22:43:58
kubernetes.io,7,14,40,31.77,0.3708,22:43:57
kubernetes.io,8,14,40,30.23,0.3708,22:43:56
kubernetes.io,9,13,40,28.58,0.3708,22:43:55
kubernetes.io,10,12,40,26.16,0.3708,22:43:54
aws.amazon.com,1,14,40,22.55,0.3708,22:44:13
aws.amazon.com,2,14,40,31.76,0.3708,22:44:12
aws.amazon.com,3,12,40,36.96,0.3708,22:44:11
aws.amazon.com,4,14,40,37.27,0.3708,22:44:10
aws.amazon.com,5,14,40,32.63,0.3708,22:44:09
aws.amazon.com,6,12,40,30.77,0.3708,22:44:08
aws.amazon.com,7,14,40,31.95,0.3708,22:44:07
aws.amazon.com,8,13,40,30.55,0.3708,22:44:06
aws.amazon.com,9,13,40,30.03,0.3708,22:44:05
aws.amazon.com,10,13,40,27.6,0.3708,22:44:04
cloud.google.com,1,14,40,31.0,0.3708,22:44:23
cloud.google.com,2,12,40,26.98,0.3708,22:44:22
cloud.google.com,3,13,40,26.73,0.3708,22:44:21
cloud.google.com,4,14,40,38.08,0.3708,22:44:20
cloud.google.com,5,12,40,27.83,0.3708,22:44:19
cloud.google.com,6,14,40,27.58,0.3708,22:44:18
cloud.google.com,7,12,40,34.16,0.3708,22:44:17
cloud.google.com,8,13,40,29.57,0.3708,22:44:16
cloud.google.com,9,13,40,26.8,0.3708,22:44:15
cloud.google.com,10,13,40,27.0,0.3708,22:44:14
azure.microsoft.com,1,12,40,33.67,0.3708,22:44:33
azure.microsoft.com,2,14,40,34.72,0.3708,22:44:32
azure.microsoft.com,3,12,40,23.89,0.3708,22:44:31
azure.microsoft.com,4,13,40,36.72,0.3708,22:44:30
azure.microsoft.com,5,14,40,28.46,0.3708,22:44:29
azure.microsoft.com,6,14,40,30.83,0.3708,22:44:28
azure.microsoft.com,7,14,40,30.73,0.3708,22:44:27
azure.microsoft.com,8,13,40,24.46,0.3708,22:44:26
azure.microsoft.com,9,14,40,36.76,0.3708,22:44:25
azure.microsoft.com,10,12,40,34.64,0.3708,22:44:24
gitlab.com,1,12,40,32.71,0.3708,22:44:43
gitlab.com,2,13,40,30.72,0.3708,22:44:42
gitlab.com,3,12,40,30.04,0.3708,22:44:41
gitlab.com,4,12,40,31.27,0.3708,22:44:40
gitlab.com,5,14,40,33.05,0.3708,22:44:39
gitlab.com,6,14,40,33.49,0.3708,22:44:38
gitlab.com,7,14,40,31.31,0.3708,22:44:37
gitlab.com,8,14,40,28.31,0.3708,22:44:36
gitlab.com,9,14,40,28.2,0.3708,22:44:35
gitlab.com,10,14,40,29.38,0.3708,22:44:34
bitbucket.org,1,12,40,30.31,0.3708,22:44:53
bitbucket.org,2,12,40,35.9,0.3708,22:44:52
bitbucket.org,3,13,40,34.96,0.3708,22:44:51
bitbucket.org,4,12,40,24.31,0.3708,22:44:50
bitbucket.org,5,14,40,29.14,0.3708,22:44:49
bitbucket.org,6,14,40,29.58,0.3708,22:44:48
bitbucket.org,7,14,40,33.12,0.3708,22:44:47
bitbucket.org,8,12,40,34.99,0.3708,22:44:46
bitbucket.org,9,14,40,27.82,0.3708,22:44:45
bitbucket.org,10,12,40,30.65,0.3708,22:44:44
npmjs.com,1,13,40,30.69,0.3708,22:45:03
npmjs.com,2,13,40,28.85,0.3708,22:45:02
npmjs.com,3,13,40,37.58,0.3708,22:45:01
npmjs.com,4,14,40,38.28,0.3708,22:45:00
npmjs.com,5,14,40,30.03,0.3708,22:44:59
npmjs.com,6,14,40,34.38,0.3708,22:44:58
npmjs.com,7,13,40,36.63,0.3708,22:44:57
npmjs.com,8,13,40,29.44,0.3708,22:44:56
npmjs.com,9,13,40,32.61,0.3708,22:44:55
npmjs.com,10,14,40,32.58,0.3708,22:44:54
pypi.org,1,12,40,30.28,0.3708,22:45:13
pypi.org,2,14,40,35.22,0.3708,22:45:12
pypi.org,3,13,40,33.08,0.3708,22:45:11
pypi.org,4,14,40,30.17,0.3708,22:45:10
pypi.org,5,14,40,33.18,0.3708,22:45:09
pypi.org,6,12,40,31.03,0.3708,22:45:08
pypi.org,7,12,40,29.93,0.3708,22:45:07
pypi.org,8,14,40,38.8,0.3708,22:45:06
pypi.org,9,12,40,32.76,0.3708,22:45:05
pypi.org,10,14,40,30.98,0.3708,22:45:04
crates.io,1,14,40,36.41,0.3708,22:45:23
crates.io,2,12,40,32.97,0.3708,22:45:22
crates.io,3,14,40,32.33,0.3708,22:45:21
crates.io,4,12,40,27.66,0.3708,22:45:20
crates.io,5,13,40,31.49,0.3708,22:45:19
crates.io,6,14,40,34.6,0.3708,22:45:18
crates.io,7,14,40,33.0,0.3708,22:45:17
crates.io,8,13,40,30.18,0.3708,22:45:16
crates.io,9,14,40,38.8,0.3708,22:45:15
crates.io,10,12,40,34.14,0.3708,22:45:14
w3schools.com,1,12,40,36.58,0.3708,22:45:33
w3schools.com,2,12,40,31.42,0.3708,22:45:32
w3schools.com,3,14,40,32.97,0.3708,22:45:31
w3schools.com,4,13,40,28.19,0.3708,22:45:30
w3schools.com,5,14,40,30.7,0.3708,22:45:29
w3schools.com,6,14,40,25.43,0.3708,22:45:28
w3schools.com,7,13,40,24.27,0.3708,22:45:27
w3schools.com,8,13,40,33.16,0.3708,22:45:26
w3schools.com,9,12,40,34.7,0.3708,22:45:25
w3schools.com,10,13,40,31.82,0.3708,22:45:24
developer.mozilla.org,1,12,40,31.44,0.3708,22:45:43
developer.mozilla.org,2,12,40,28.55,0.3708,22:45:42
developer.mozilla.org,3,14,40,30.27,0.3708,22:45:41
developer.mozilla.org,4,13,40,38.8,0.3708,22:45:40
developer.mozilla.org,5,14,40,25.41,0.3708,22:45:39
developer.mozilla.org,6,13,40,31.32,0.3708,22:45:38
developer.mozilla.org,7,14,40,22.25,0.3708,22:45:37
developer.mozilla.org,8,13,40,33.82,0.3708,22:45:36
developer.mozilla.org,9,13,40,30.87,0.3708,22:45:35
developer.mozilla.org,10,14,40,25.17,0.3708,22:45:34
css-tricks.com,1,14,40,34.72,0.3708,22:45:53
css-tricks.com,2,14,40,34.55,0.3708,22:45:52
css-tricks.com,3,12,40,32.53,0.3708,22:45:51
css-tricks.com,4,14,40,29.85,0.3708,22:45:50
css-tricks.com,5,14,40,32.79,0.3708,22:45:49
css-tricks.com,6,12,40,26.77,0.3708,22:45:48
css-tricks.com,7,13,40,28.43,0.3708,22:45:47
css-tricks.com,8,12,40,28.18,0.3708,22:45:46
css-tricks.com,9,14,40,30.47,0.3708,22:45:45
css-tricks.com,10,14,40,31.47,0.3708,22:45:44
smashingmagazine.com,1,12,40,30.32,0.3708,22:46:03
smashingmagazine.com,2,12,40,29.54,0.3708,22:46:02
smashingmagazine.com,3,14,40,33.81,0.3708,22:46:01
smashingmagazine.com,4,14,40,30.2,0.3708,22:46:00
smashingmagazine.com,5,13,40,29.53,0.3708,22:45:59
smashingmagazine.com,6,12,40,31.59,0.3708,22:45:58
smashingmagazine.com,7,13,40,28.35,0.3708,22:45:57
smashingmagazine.com,8,14,40,38.8,0.3708,22:45:56
smashingmagazine.com,9,14,40,36.17,0.3708,22:45:55
smashingmagazine.com,10,13,40,29.32,0.3708,22:45:54
alistapart.com,1,12,40,32.6,0.3708,22:46:13
alistapart.com,2,12,40,28.41,0.3708,22:46:12
alistapart.com,3,13,40,28.24,0.3708,22:46:11
alistapart.com,4,14,40,30.61,0.3708,22:46:10
alistapart.com,5,12,40,31.18,0.3708,22:46:09
alistapart.com,6,13,40,27.88,0.3708,22:46:08
alistapart.com,7,12,40,38.8,0.3708,22:46:07
alistapart.com,8,12,40,28.18,0.3708,22:46:06
alistapart.com,9,13,40,28.9,0.3708,22:46:05
alistapart.com,10,12,40,33.5,0.3708,22:46:04
cloudflare.com,1,14,40,32.5,0.3708,22:46:23
cloudflare.com,2,12,40,26.18,0.3708,22:46:22
cloudflare.com,3,14,40,26.64,0.3708,22:46:21
cloudflare.com,4,14,40,30.36,0.3708,22:46:20
cloudflare.com,5,14,40,28.91,0.3708,22:46:19
cloudflare.com,6,13,40,27.36,0.3708,22:46:18
cloudflare.com,7,13,40,30.01,0.3708,22:46:17
cloudflare.com,8,13,40,30.09,0.3708,22:46:16
cloudflare.com,9,13,40,35.98,0.3708,22:46:15
cloudflare.com,10,14,40,33.52,0.3708,22:46:14
fastly.com,1,14,40,27.69,0.3708,22:46:33
fastly.com,2,13,40,29.58,0.3708,22:46:32
fastly.com,3,14,40,29.0,0.3708,22:46:31
fastly.com,4,13,40,34.62,0.3708,22:46:30
fastly.com,5,14,40,33.23,0.3708,22:46:29
fastly.com,6,12,40,33.13,0.3708,22:46:28
fastly.com,7,14,40,27.19,0.3708,22:46:27
fastly.com,8,13,40,29.48,0.3708,22:46:26
fastly.com,9,12,40,28.28,0.3708,22:46:25
fastly.com,10,13,40,30.95,0.3708,22:46:24
akamai.com,1,13,40,30.94,0.3708,22:46:43
akamai.com,2,13,40,31.56,0.3708,22:46:42
akamai.com,3,12,40,34.55,0.3708,22:46:41
akamai.com,4,12,40,25.7,0.3708,22:46:40
akamai.com,5,13,40,34.42,0.3708,22:46:39
akamai.com,6,13,40,32.76,0.3708,22:46:38
akamai.com,7,12,40,28.84,0.3708,22:46:37
akamai.com,8,13,40,31.39,0.3708,22:46:36
akamai.com,9,14,40,37.18,0.3708,22:46:35
akamai.com,10,12,40,36.21,0.3708,22:46:34
cdn77.com,1,13,40,32.8,0.3708,22:46:53
cdn77.com,2,13,40,34.19,0.3708,22:46:52
cdn77.com,3,14,40,30.9,0.3708,22:46:51
cdn77.com,4,13,40,28.64,0.3708,22:46:50
cdn77.com,5,12,40,25.77,0.3708,22:46:49
cdn77.com,6,12,40,29.16,0.3708,22:46:48
cdn77.com,7,12,40,34.89,0.3708,22:46:47
cdn77.com,8,12,40,24.71,0.3708,22:46:46
cdn77.com,9,12,40,28.98,0.3708,22:46:45
cdn77.com,10,13,40,33.46,0.3708,22:46:44
jsdelivr.net,1,13,40,30.26,0.3708,22:47:03
jsdelivr.net,2,13,40,34.05,0.3708,22:47:02
jsdelivr.net,3,12,40,30.23,0.3708,22:47:01
jsdelivr.net,4,14,40,30.16,0.3708,22:47:00
jsdelivr.net,5,14,40,37.87,0.3708,22:46:59
jsdelivr.net,6,13,40,29.4,0.3708,22:46:58
jsdelivr.net,7,13,40,30.65,0.3708,22:46:57
jsdelivr.net,8,13,40,28.24,0.3708,22:46:56
jsdelivr.net,9,14,40,29.46,0.3708,22:46:55
jsdelivr.net,10,14,40,38.8,0.3708,22:46:54
imdb.com,1,13,40,36.96,0.3708,22:47:13
imdb.com,2,12,40,24.82,0.3708,22:47:12
imdb.com,3,13,40,28.12,0.3708,22:47:11
imdb.com,4,12,40,35.07,0.3708,22:47:10
imdb.com,5,14,40,29.41,0.3708,22:47:09
imdb.com,6,12,40,30.03,0.3708,22:47:08
imdb.com,7,13,40,27.74,0.3708,22:47:07
imdb.com,8,12,40,34.4,0.3708,22:47:06
imdb.com,9,14,40,38.8,0.3708,22:47:05
imdb.com,10,12,40,29.04,0.3708,22:47:04
rottentomatoes.com,1,14,40,33.1,0.3708,22:47:23
rottentomatoes.com,2,12,40,28.25,0.3708,22:47:22
rottentomatoes.com,3,13,40,30.13,0.3708,22:47:21
rottentomatoes.com,4,13,40,21.98,0.3708,22:47:20
rottentomatoes.com,5,12,40,33.44,0.3708,22:47:19
rottentomatoes.com,6,14,40,27.83,0.3708,22:47:18
rottentomatoes.com,7,14,40,34.84,0.3708,22:47:17
rottentomatoes.com,8,14,40,32.47,0.3708,22:47:16
rottentomatoes.com,9,12,40,30.68,0.3708,22:47:15
rottentomatoes.com,10,12,40,37.88,0.3708,22:47:14
metacritic.com,1,14,40,36.9,0.3708,22:47:33
metacritic.com,2,13,40,30.17,0.3708,22:47:32
metacritic.com,3,13,40,32.94,0.3708,22:47:31
metacritic.com,4,14,40,32.63,0.3708,22:47:30
metacritic.com,5,14,40,36.1,0.3708,22:47:29
metacritic.com,6,13,40,25.13,0.3708,22:47:28
metacritic.com,7,14,40,28.45,0.3708,22:47:27
metacritic.com,8,13,40,29.85,0.3708,22:47:26
metacritic.com,9,14,40,27.87,0.3708,22:47:25
metacritic.com,10,12,40,34.34,0.3708,22:47:24
gamespot.com,1,12,40,38.05,0.3708,22:47:43
gamespot.com,2,12,40,29.5,0.3708,22:47:42
gamespot.com,3,14,40,38.8,0.3708,22:47:41
gamespot.com,4,14,40,35.96,0.3708,22:47:40
gamespot.com,5,12,40,30.45,0.3708,22:47:39
gamespot.com,6,13,40,32.45,0.3708,22:47:38
gamespot.com,7,12,40,25.38,0.3708,22:47:37
gamespot.com,8,13,40,30.16,0.3708,22:47:36
gamespot.com,9,13,40,34.35,0.3708,22:47:35
gamespot.com,10,13,40,32.11,0.3708,22:47:34
ign.com,1,14,40,35.01,0.3708,22:47:53
ign.com,2,13,40,30.68,0.3708,22:47:52
ign.com,3,13,40,34.0,0.3708,22:47:51
ign.com,4,12,40,30.53,0.3708,22:47:50
ign.com,5,14,40,33.87,0.3708,22:47:49
ign.com,6,12,40,28.79,0.3708,22:47:48
ign.com,7,12,40,38.8,0.3708,22:47:47
ign.com,8,13,40,30.25,0.3708,22:47:46
ign.com,9,12,40,32.12,0.3708,22:47:45
ign.com,10,14,40,33.57,0.3708,22:47:44
espn.com,1,13,40,35.38,0.3708,22:48:03
espn.com,2,12,40,31.27,0.3708,22:48:02
espn.com,3,12,40,30.19,0.3708,22:48:01
espn.com,4,14,40,36.21,0.3708,22:48:00
espn.com,5,12,40,30.8,0.3708,22:47:59
espn.com,6,13,40,31.13,0.3708,22:47:58
espn.com,7,14,40,34.25,0.3708,22:47:57
espn.com,8,12,40,31.66,0.3708,22:47:56
espn.com,9,13,40,32.62,0.3708,22:47:55
espn.com,10,13,40,32.26,0.3708,22:47:54
nba.com,1,14,40,28.93,0.3708,22:48:13
nba.com,2,13,40,32.46,0.3708,22:48:12
nba.com,3,12,40,35.32,0.3708,22:48:11
nba.com,4,13,40,26.67,0.3708,22:48:10
nba.com,5,12,40,26.57,0.3708,22:48:09
nba.com,6,12,40,32.41,0.3708,22:48:08
nba.com,7,14,40,34.74,0.3708,22:48:07
nba.com,8,12,40,27.51,0.3708,22:48:06
nba.com,9,12,40,31.67,0.3708,22:48:05
nba.com,10,13,40,28.56,0.3708,22:48:04
fifa.com,1,13,40,27.82,0.3708,22:48:23
fifa.com,2,12,40,33.7,0.3708,22:48:22
fifa.com,3,12,40,34.65,0.3708,22:48:21
fifa.com,4,13,40,31.36,0.3708,22:48:20
fifa.com,5,12,40,25.45,0.3708,22:48:19
fifa.com,6,13,40,30.47,0.3708,22:48:18
fifa.com,7,13,40,22.25,0.3708,22:48:17
fifa.com,8,12,40,32.21,0.3708,22:48:16
fifa.com,9,14,40,27.56,0.3708,22:48:15
fifa.com,10,12,40,29.03,0.3708,22:48:14
nfl.com,1,12,40,37.48,0.3708,22:48:33
nfl.com,2,14,40,31.47,0.3708,22:48:32
nfl.com,3,12,40,38.8,0.3708,22:48:31
nfl.com,4,14,40,28.75,0.3708,22:48:30
nfl.com,5,13,40,32.26,0.3708,22:48:29
nfl.com,6,13,40,28.05,0.3708,22:48:28
nfl.com,7,14,40,34.25,0.3708,22:48:27
nfl.com,8,13,40,29.91,0.3708,22:48:26
nfl.com,9,12,40,30.16,0.3708,22:48:25
nfl.com,10,12,40,30.27,0.3708,22:48:24
cricket.com,1,14,40,32.46,0.3708,22:48:43
cricket.com,2,14,40,38.52,0.3708,22:48:42
cricket.com,3,13,40,33.64,0.3708,22:48:41
cricket.com,4,13,40,28.84,0.3708,22:48:40
cricket.com,5,12,40,31.32,0.3708,22:48:39
cricket.com,6,13,40,26.56,0.3708,22:48:38
cricket.com,7,14,40,36.43,0.3708,22:48:37
cricket.com,8,12,40,31.59,0.3708,22:48:36
cricket.com,9,12,40,34.88,0.3708,22:48:35
cricket.com,10,14,40,34.49,0.3708,22:48:34
webmd.com,1,14,40,32.25,0.3708,22:48:53
webmd.com,2,12,40,30.14,0.3708,22:48:52
webmd.com,3,12,40,31.27,0.3708,22:48:51
webmd.com,4,14,40,23.85,0.3708,22:48:50
webmd.com,5,13,40,27.55,0.3708,22:48:49
webmd.com,6,12,40,38.8,0.3708,22:48:48
webmd.com,7,13,40,36.4,0.3708,22:48:47
webmd.com,8,13,40,24.69,0.3708,22:48:46
webmd.com,9,14,40,28.46,0.3708,22:48:45
webmd.com,10,13,40,33.58,0.3708,22:48:44
mayoclinic.org,1,13,40,33.45,0.3708,22:49:03
mayoclinic.org,2,14,40,35.94,0.3708,22:49:02
mayoclinic.org,3,12,40,38.03,0.3708,22:49:01
mayoclinic.org,4,12,40,33.89,0.3708,22:49:00
mayoclinic.org,5,12,40,29.25,0.3708,22:48:59
mayoclinic.org,6,13,40,32.36,0.3708,22:48:58
mayoclinic.org,7,14,40,32.48,0.3708,22:48:57
mayoclinic.org,8,12,40,30.64,0.3708,22:48:56
mayoclinic.org,9,12,40,30.08,0.3708,22:48:55
mayoclinic.org,10,13,40,33.37,0.3708,22:48:54
healthline.com,1,14,40,31.19,0.3708,22:49:13
healthline.com,2,13,40,31.94,0.3708,22:49:12
healthline.com,3,13,40,29.59,0.3708,22:49:11
healthline.com,4,12,40,34.8,0.3708,22:49:10
healthline.com,5,13,40,28.27,0.3708,22:49:09
healthline.com,6,12,40,28.27,0.3708,22:49:08
healthline.com,7,14,40,28.52,0.3708,22:49:07
healthline.com,8,12,40,28.96,0.3708,22:49:06
healthline.com,9,13,40,33.58,0.3708,22:49:05
healthline.com,10,14,40,38.8,0.3708,22:49:04
nih.gov,1,12,40,33.37,0.3708,22:49:23
nih.gov,2,14,40,33.45,0.3708,22:49:22
nih.gov,3,14,40,32.93,0.3708,22:49:21
nih.gov,4,13,40,29.43,0.3708,22:49:20
nih.gov,5,12,40,34.95,0.3708,22:49:19
nih.gov,6,14,40,33.25,0.3708,22:49:18
nih.gov,7,12,40,33.72,0.3708,22:49:17
nih.gov,8,14,40,30.43,0.3708,22:49:16
nih.gov,9,12,40,29.83,0.3708,22:49:15
nih.gov,10,14,40,34.35,0.3708,22:49:14
who.int,1,12,40,32.98,0.3708,22:49:33
who.int,2,14,40,30.7,0.3708,22:49:32
who.int,3,12,40,31.83,0.3708,22:49:31
who.int,4,14,40,33.14,0.3708,22:49:30
who.int,5,12,40,36.77,0.3708,22:49:29
who.int,6,14,40,31.89,0.3708,22:49:28
who.int,7,12,40,30.95,0.3708,22:49:27
who.int,8,14,40,33.15,0.3708,22:49:26
who.int,9,12,40,28.54,0.3708,22:49:25
who.int,10,12,40,33.07,0.3708,22:49:24
nasa.gov,1,13,40,35.52,0.3708,22:49:43
nasa.gov,2,12,40,32.68,0.3708,22:49:42
nasa.gov,3,12,40,36.24,0.3708,22:49:41
nasa.gov,4,12,40,29.56,0.3708,22:49:40
nasa.gov,5,12,40,36.66,0.3708,22:49:39
nasa.gov,6,12,40,30.53,0.3708,22:49:38
nasa.gov,7,14,40,25.59,0.3708,22:49:37
nasa.gov,8,14,40,28.96,0.3708,22:49:36
nasa.gov,9,14,40,30.76,0.3708,22:49:35
nasa.gov,10,14,40,30.37,0.3708,22:49:34
noaa.gov,1,12,40,26.35,0.3708,22:49:53
noaa.gov,2,14,40,28.3,0.3708,22:49:52
noaa.gov,3,12,40,30.31,0.3708,22:49:51
noaa.gov,4,13,40,26.27,0.3708,22:49:50
noaa.gov,5,14,40,36.43,0.3708,22:49:49
noaa.gov,6,14,40,31.69,0.3708,22:49:48
noaa.gov,7,12,40,30.66,0.3708,22:49:47
noaa.gov,8,14,40,26.42,0.3708,22:49:46
noaa.gov,9,13,40,32.29,0.3708,22:49:45
noaa.gov,10,14,40,28.73,0.3708,22:49:44
weather.com,1,14,40,23.62,0.3708,22:50:03
weather.com,2,14,40,31.6,0.3708,22:50:02
weather.com,3,13,40,25.32,0.3708,22:50:01
weather.com,4,12,40,32.03,0.3708,22:50:00
weather.com,5,13,40,35.16,0.3708,22:49:59
weather.com,6,13,40,32.98,0.3708,22:49:58
weather.com,7,13,40,29.97,0.3708,22:49:57
weather.com,8,13,40,32.93,0.3708,22:49:56
weather.com,9,14,40,30.53,0.3708,22:49:55
weather.com,10,14,40,33.34,0.3708,22:49:54
accuweather.com,1,12,40,28.09,0.3708,22:50:13
accuweather.com,2,13,40,26.83,0.3708,22:50:12
accuweather.com,3,12,40,33.25,0.3708,22:50:11
accuweather.com,4,13,40,35.67,0.3708,22:50:10
accuweather.com,5,12,40,34.02,0.3708,22:50:09
accuweather.com,6,13,40,33.35,0.3708,22:50:08
accuweather.com,7,13,40,33.04,0.3708,22:50:07
accuweather.com,8,12,40,27.89,0.3708,22:50:06
accuweather.com,9,12,40,29.02,0.3708,22:50:05
accuweather.com,10,14,40,27.09,0.3708,22:50:04
timeanddate.com,1,13,40,31.73,0.3708,22:50:23
timeanddate.com,2,12,40,22.05,0.3708,22:50:22
timeanddate.com,3,14,40,30.71,0.3708,22:50:21
timeanddate.com,4,13,40,27.83,0.3708,22:50:20
timeanddate.com,5,14,40,29.36,0.3708,22:50:19
timeanddate.com,6,13,40,33.66,0.3708,22:50:18
timeanddate.com,7,13,40,28.78,0.3708,22:50:17
timeanddate.com,8,14,40,33.03,0.3708,22:50:16
timeanddate.com,9,14,40,32.06,0.3708,22:50:15
timeanddate.com,10,14,40,32.55,0.3708,22:50:14
translate.google.com,1,13,40,26.46,0.3708,22:50:33
translate.google.com,2,13,40,28.23,0.3708,22:50:32
translate.google.com,3,14,40,34.49,0.3708,22:50:31
translate.google.com,4,12,40,32.79,0.3708,22:50:30
translate.google.com,5,13,40,30.54,0.3708,22:50:29
translate.google.com,6,14,40,29.41,0.3708,22:50:28
translate.google.com,7,13,40,35.27,0.3708,22:50:27
translate.google.com,8,13,40,31.52,0.3708,22:50:26
translate.google.com,9,13,40,30.52,0.3708,22:50:25
translate.google.com,10,12,40,35.11,0.3708,22:50:24
grammarly.com,1,12,40,26.37,0.3708,22:50:43
grammarly.com,2,13,40,27.62,0.3708,22:50:42
grammarly.com,3,12,40,36.95,0.3708,22:50:41
grammarly.com,4,12,40,28.89,0.3708,22:50:40
grammarly.com,5,14,40,30.04,0.3708,22:50:39
grammarly.com,6,12,40,36.18,0.3708,22:50:38
grammarly.com,7,14,40,27.82,0.3708,22:50:37
grammarly.com,8,13,40,30.09,0.3708,22:50:36
grammarly.com,9,12,40,32.37,0.3708,22:50:35
grammarly.com,10,14,40,26.86,0.3708,22:50:34
deepl.com,1,13,40,33.52,0.3708,22:50:53
deepl.com,2,14,40,25.81,0.3708,22:50:52
deepl.com,3,14,40,32.38,0.3708,22:50:51
deepl.com,4,13,40,33.33,0.3708,22:50:50
deepl.com,5,14,40,29.95,0.3708,22:50:49
deepl.com,6,13,40,32.04,0.3708,22:50:48
deepl.com,7,14,40,28.24,0.3708,22:50:47
deepl.com,8,13,40,36.33,0.3708,22:50:46
deepl.com,9,12,40,35.52,0.3708,22:50:45
deepl.com,10,14,40,28.37,0.3708,22:50:44
wolframalpha.com,1,13,40,33.32,0.3708,22:51:03
wolframalpha.com,2,14,40,31.31,0.3708,22:51:02
wolframalpha.com,3,14,40,33.04,0.3708,22:51:01
wolframalpha.com,4,12,40,22.08,0.3708,22:51:00
wolframalpha.com,5,14,40,27.24,0.3708,22:50:59
wolframalpha.com,6,13,40,35.25,0.3708,22:50:58
wolframalpha.com,7,12,40,29.14,0.3708,22:50:57
wolframalpha.com,8,13,40,28.67,0.3708,22:50:56
wolframalpha.com,9,12,40,33.69,0.3708,22:50:55
wolframalpha.com,10,14,40,35.21,0.3708,22:50:54
archive.org,1,14,40,29.69,0.3708,22:51:13
archive.org,2,12,40,29.48,0.3708,22:51:12
archive.org,3,14,40,38.31,0.3708,22:51:11
archive.org,4,13,40,34.17,0.3708,22:51:10
archive.org,5,14,40,31.41,0.3708,22:51:09
archive.org,6,12,40,30.35,0.3708,22:51:08
archive.org,7,13,40,34.08,0.3708,22:51:07
archive.org,8,12,40,27.27,0.3708,22:51:06
archive.org,9,13,40,26.56,0.3708,22:51:05
archive.org,10,13,40,31.22,0.3708,22:51:04
gutenberg.org,1,12,40,33.56,0.3708,22:51:23
gutenberg.org,2,13,40,30.69,0.3708,22:51:22
gutenberg.org,3,13,40,27.94,0.3708,22:51:21
gutenberg.org,4,14,40,31.45,0.3708,22:51:20
gutenberg.org,5,12,40,32.33,0.3708,22:51:19
gutenberg.org,6,12,40,26.59,0.3708,22:51:18
gutenberg.org,7,14,40,27.34,0.3708,22:51:17
gutenberg.org,8,13,40,29.23,0.3708,22:51:16
gutenberg.org,9,14,40,36.95,0.3708,22:51:15
gutenberg.org,10,12,40,34.07,0.3708,22:51:14
librarything.com,1,13,40,30.7,0.3708,22:51:33
librarything.com,2,14,40,34.21,0.3708,22:51:32
librarything.com,3,12,40,29.37,0.3708,22:51:31
librarything.com,4,14,40,33.96,0.3708,22:51:30
librarything.com,5,12,40,29.39,0.3708,22:51:29
librarything.com,6,13,40,26.13,0.3708,22:51:28
librarything.com,7,14,40,34.33,0.3708,22:51:27
librarything.com,8,12,40,26.65,0.3708,22:51:26
librarything.com,9,12,40,32.62,0.3708,22:51:25
librarything.com,10,12,40,32.92,0.3708,22:51:24
goodreads.com,1,14,40,31.47,0.3708,22:51:43
goodreads.com,2,12,40,38.16,0.3708,22:51:42
goodreads.com,3,13,40,33.96,0.3708,22:51:41
goodreads.com,4,14,40,34.06,0.3708,22:51:40
goodreads.com,5,13,40,32.07,0.3708,22:51:39
goodreads.com,6,12,40,33.73,0.3708,22:51:38
goodreads.com,7,12,40,33.63,0.3708,22:51:37
goodreads.com,8,12,40,31.94,0.3708,22:51:36
goodreads.com,9,14,40,32.04,0.3708,22:51:35
goodreads.com,10,14,40,34.55,0.3708,22:51:34
scribd.com,1,12,40,32.78,0.3708,22:51:53
scribd.com,2,12,40,38.8,0.3708,22:51:52
scribd.com,3,12,40,33.87,0.3708,22:51:51
scribd.com,4,14,40,27.51,0.3708,22:51:50
scribd.com,5,12,40,27.57,0.3708,22:51:49
scribd.com,6,12,40,29.59,0.3708,22:51:48
scribd.com,7,12,40,26.72,0.3708,22:51:47
scribd.com,8,13,40,32.25,0.3708,22:51:46
scribd.com,9,13,40,32.76,0.3708,22:51:45
scribd.com,10,14,40,28.15,0.3708,22:51:44
openai.com,1,14,40,30.19,0.3708,22:52:03
openai.com,2,13,40,28.39,0.3708,22:52:02
openai.com,3,14,40,34.35,0.3708,22:52:01
openai.com,4,14,40,33.23,0.3708,22:52:00
openai.com,5,12,40,37.71,0.3708,22:51:59
openai.com,6,12,40,33.53,0.3708,22:51:58
openai.com,7,13,40,31.9,0.3708,22:51:57
openai.com,8,13,40,29.79,0.3708,22:51:56
openai.com,9,12,40,35.75,0.3708,22:51:55
openai.com,10,14,40,36.1,0.3708,22:51:54
anthropic.com,1,13,40,31.28,0.3708,22:52:13
anthropic.com,2,12,40,29.62,0.3708,22:52:12
anthropic.com,3,13,40,33.18,0.3708,22:52:11
anthropic.com,4,14,40,32.54,0.3708,22:52:10
anthropic.com,5,12,40,35.07,0.3708,22:52:09
anthropic.com,6,13,40,30.83,0.3708,22:52:08
anthropic.com,7,12,40,31.31,0.3708,22:52:07
anthropic.com,8,14,40,32.97,0.3708,22:52:06
anthropic.com,9,13,40,33.35,0.3708,22:52:05
anthropic.com,10,12,40,33.53,0.3708,22:52:04
huggingface.co,1,14,40,34.1,0.3708,22:52:23
huggingface.co,2,12,40,30.85,0.3708,22:52:22
huggingface.co,3,12,40,31.15,0.3708,22:52:21
huggingface.co,4,14,40,35.71,0.3708,22:52:20
huggingface.co,5,13,40,30.76,0.3708,22:52:19
huggingface.co,6,12,40,26.14,0.3708,22:52:18
huggingface.co,7,13,40,34.73,0.3708,22:52:17
huggingface.co,8,14,40,25.56,0.3708,22:52:16
huggingface.co,9,12,40,28.28,0.3708,22:52:15
huggingface.co,10,14,40,33.83,0.3708,22:52:14
kaggle.com,1,13,40,30.69,0.3708,22:52:33
kaggle.com,2,12,40,32.71,0.3708,22:52:32
kaggle.com,3,12,40,30.2,0.3708,22:52:31
kaggle.com,4,12,40,32.06,0.3708,22:52:30
kaggle.com,5,14,40,34.0,0.3708,22:52:29
kaggle.com,6,12,40,34.35,0.3708,22:52:28
kaggle.com,7,13,40,36.89,0.3708,22:52:27
kaggle.com,8,14,40,32.77,0.3708,22:52:26
kaggle.com,9,12,40,25.05,0.3708,22:52:25
kaggle.com,10,12,40,30.54,0.3708,22:52:24
colab.research.google.com,1,12,40,28.74,0.3708,22:52:43
colab.research.google.com,2,14,40,31.09,0.3708,22:52:42
colab.research.google.com,3,14,40,29.94,0.3708,22:52:41
colab.research.google.com,4,13,40,30.58,0.3708,22:52:40
colab.research.google.com,5,13,40,29.74,0.3708,22:52:39
colab.research.google.com,6,14,40,29.36,0.3708,22:52:38
colab.research.google.com,7,12,40,30.54,0.3708,22:52:37
colab.research.google.com,8,14,40,30.16,0.3708,22:52:36
colab.research.google.com,9,12,40,35.16,0.3708,22:52:35
colab.research.google.com,10,13,40,28.88,0.3708,22:52:34
figma.com,1,14,40,37.72,0.3708,22:52:53
figma.com,2,12,40,30.58,0.3708,22:52:52
figma.com,3,14,40,30.35,0.3708,22:52:51
figma.com,4,12,40,32.33,0.3708,22:52:50
figma.com,5,13,40,28.17,0.3708,22:52:49
figma.com,6,14,40,29.26,0.3708,22:52:48
figma.com,7,12,40,32.66,0.3708,22:52:47
figma.com,8,14,40,29.02,0.3708,22:52:46
figma.com,9,12,40,29.23,0.3708,22:52:45
figma.com,10,13,40,32.8,0.3708,22:52:44
canva.com,1,12,40,31.65,0.3708,22:53:03
canva.com,2,12,40,29.22,0.3708,22:53:02
canva.com,3,14,40,37.48,0.3708,22:53:01
canva.com,4,13,40,33.37,0.3708,22:53:00
canva.com,5,14,40,31.85,0.3708,22:52:59
canva.com,6,12,40,29.65,0.3708,22:52:58
canva.com,7,14,40,29.13,0.3708,22:52:57
canva.com,8,13,40,33.03,0.3708,22:52:56
canva.com,9,14,40,28.26,0.3708,22:52:55
canva.com,10,13,40,35.04,0.3708,22:52:54
unsplash.com,1,14,40,28.66,0.3708,22:53:13
unsplash.com,2,14,40,31.72,0.3708,22:53:12
unsplash.com,3,13,40,37.87,0.3708,22:53:11
unsplash.com,4,12,40,33.98,0.3708,22:53:10
unsplash.com,5,12,40,20.98,0.3708,22:53:09
unsplash.com,6,14,40,31.41,0.3708,22:53:08
unsplash.com,7,12,40,32.39,0.3708,22:53:07
unsplash.com,8,13,40,27.56,0.3708,22:53:06
unsplash.com,9,12,40,36.29,0.3708,22:53:05
unsplash.com,10,14,40,32.98,0.3708,22:53:04
pexels.com,1,12,40,31.15,0.3708,22:53:23
pexels.com,2,12,40,31.38,0.3708,22:53:22
pexels.com,3,12,40,34.73,0.3708,22:53:21
pexels.com,4,12,40,25.53,0.3708,22:53:20
pexels.com,5,12,40,32.35,0.3708,22:53:19
pexels.com,6,14,40,31.46,0.3708,22:53:18
pexels.com,7,12,40,30.27,0.3708,22:53:17
pexels.com,8,13,40,28.99,0.3708,22:53:16
pexels.com,9,13,40,33.43,0.3708,22:53:15
pexels.com,10,13,40,26.04,0.3708,22:53:14
flickr.com,1,12,40,29.4,0.3708,22:53:33
flickr.com,2,12,40,24.77,0.3708,22:53:32
flickr.com,3,12,40,30.84,0.3708,22:53:31
flickr.com,4,14,40,29.42,0.3708,22:53:30
flickr.com,5,12,40,30.42,0.3708,22:53:29
flickr.com,6,14,40,28.87,0.3708,22:53:28
flickr.com,7,14,40,34.12,0.3708,22:53:27
flickr.com,8,14,40,37.6,0.3708,22:53:26
flickr.com,9,14,40,32.28,0.3708,22:53:25
flickr.com,10,14,40,32.63,0.3708,22:53:24
mapbox.com,1,14,40,33.27,0.3708,22:53:43
mapbox.com,2,13,40,31.16,0.3708,22:53:42
mapbox.com,3,12,40,28.68,0.3708,22:53:41
mapbox.com,4,13,40,32.02,0.3708,22:53:40
mapbox.com,5,13,40,33.26,0.3708,22:53:39
mapbox.com,6,13,40,33.04,0.3708,22:53:38
mapbox.com,7,13,40,27.9,0.3708,22:53:37
mapbox.com,8,14,40,31.23,0.3708,22:53:36
mapbox.com,9,13,40,34.48,0.3708,22:53:35
mapbox.com,10,14,40,29.78,0.3708,22:53:34
openstreetmap.org,1,14,40,30.89,0.3708,22:53:53
openstreetmap.org,2,12,40,26.7,0.3708,22:53:52
openstreetmap.org,3,12,40,27.47,0.3708,22:53:51
openstreetmap.org,4,14,40,31.9,0.3708,22:53:50
openstreetmap.org,5,13,40,34.23,0.3708,22:53:49
openstreetmap.org,6,12,40,32.77,0.3708,22:53:48
openstreetmap.org,7,13,40,26.57,0.3708,22:53:47
openstreetmap.org,8,13,40,37.13,0.3708,22:53:46
openstreetmap.org,9,14,40,38.8,0.3708,22:53:45
openstreetmap.org,10,12,40,29.68,0.3708,22:53:44
maps.google.com,1,14,40,29.32,0.3708,22:54:03
maps.google.com,2,12,40,38.7,0.3708,22:54:02
maps.google.com,3,12,40,32.28,0.3708,22:54:01
maps.google.com,4,13,40,33.12,0.3708,22:54:00
maps.google.com,5,13,40,31.49,0.3708,22:53:59
maps.google.com,6,14,40,32.83,0.3708,22:53:58
maps.google.com,7,14,40,34.85,0.3708,22:53:57
maps.google.com,8,13,40,31.95,0.3708,22:53:56
maps.google.com,9,13,40,34.14,0.3708,22:53:55
maps.google.com,10,14,40,30.79,0.3708,22:53:54
here.com,1,13,40,32.87,0.3708,22:54:13
here.com,2,12,40,28.4,0.3708,22:54:12
here.com,3,13,40,28.08,0.3708,22:54:11
here.com,4,12,40,31.6,0.3708,22:54:10
here.com,5,14,40,35.11,0.3708,22:54:09
here.com,6,13,40,32.86,0.3708,22:54:08
here.com,7,14,40,34.01,0.3708,22:54:07
here.com,8,12,40,24.88,0.3708,22:54:06
here.com,9,14,40,36.33,0.3708,22:54:05
here.com,10,14,40,33.44,0.3708,22:54:04
waze.com,1,13,40,30.64,0.3708,22:54:23
waze.com,2,12,40,29.87,0.3708,22:54:22
waze.com,3,14,40,33.87,0.3708,22:54:21
waze.com,4,13,40,28.94,0.3708,22:54:20
waze.com,5,12,40,31.32,0.3708,22:54:19
waze.com,6,12,40,31.96,0.3708,22:54:18
waze.com,7,14,40,29.3,0.3708,22:54:17
waze.com,8,13,40,33.26,0.3708,22:54:16
waze.com,9,14,40,37.24,0.3708,22:54:15
waze.com,10,14,40,35.74,0.3708,22:54:14
gnu.org,1,13,40,28.1,0.3708,22:54:33
gnu.org,2,14,40,28.41,0.3708,22:54:32
gnu.org,3,12,40,36.7,0.3708,22:54:31
gnu.org,4,12,40,34.44,0.3708,22:54:30
gnu.org,5,13,40,33.37,0.3708,22:54:29
gnu.org,6,14,40,34.07,0.3708,22:54:28
gnu.org,7,13,40,29.27,0.3708,22:54:27
gnu.org,8,12,40,31.27,0.3708,22:54:26
gnu.org,9,12,40,31.35,0.3708,22:54:25
gnu.org,10,12,40,29.97,0.3708,22:54:24
linux.org,1,12,40,32.9,0.3708,22:54:43
linux.org,2,14,40,26.29,0.3708,22:54:42
linux.org,3,12,40,33.84,0.3708,22:54:41
linux.org,4,12,40,31.33,0.3708,22:54:40
linux.org,5,14,40,32.97,0.3708,22:54:39
linux.org,6,14,40,35.07,0.3708,22:54:38
linux.org,7,13,40,35.04,0.3708,22:54:37
linux.org,8,13,40,38.1,0.3708,22:54:36
linux.org,9,14,40,33.32,0.3708,22:54:35
linux.org,10,14,40,28.3,0.3708,22:54:34
ubuntu.com,1,14,40,21.54,0.3708,22:54:53
ubuntu.com,2,12,40,34.53,0.3708,22:54:52
ubuntu.com,3,14,40,31.55,0.3708,22:54:51
ubuntu.com,4,14,40,29.65,0.3708,22:54:50
ubuntu.com,5,14,40,35.29,0.3708,22:54:49
ubuntu.com,6,13,40,31.83,0.3708,22:54:48
ubuntu.com,7,12,40,25.62,0.3708,22:54:47
ubuntu.com,8,12,40,30.39,0.3708,22:54:46
ubuntu.com,9,12,40,34.11,0.3708,22:54:45
ubuntu.com,10,13,40,28.23,0.3708,22:54:44
debian.org,1,14,40,35.97,0.3708,22:55:03
debian.org,2,13,40,33.29,0.3708,22:55:02
debian.org,3,12,40,33.49,0.3708,22:55:01
debian.org,4,13,40,29.13,0.3708,22:55:00
debian.org,5,12,40,23.01,0.3708,22:54:59
debian.org,6,12,40,37.0,0.3708,22:54:58
debian.org,7,14,40,32.36,0.3708,22:54:57
debian.org,8,14,40,32.93,0.3708,22:54:56
debian.org,9,13,40,36.13,0.3708,22:54:55
debian.org,10,12,40,35.33,0.3708,22:54:54
archlinux.org,1,14,40,32.35,0.3708,22:55:13
archlinux.org,2,13,40,29.08,0.3708,22:55:12
archlinux.org,3,14,40,34.97,0.3708,22:55:11
archlinux.org,4,13,40,27.85,0.3708,22:55:10
archlinux.org,5,12,40,33.37,0.3708,22:55:09
archlinux.org,6,14,40,29.48,0.3708,22:55:08
archlinux.org,7,13,40,28.62,0.3708,22:55:07
archlinux.org,8,12,40,29.09,0.3708,22:55:06
archlinux.org,9,13,40,29.45,0.3708,22:55:05
archlinux.org,10,13,40,28.29,0.3708,22:55:04
mozilla.org,1,14,40,32.35,0.3708,22:55:23
mozilla.org,2,14,40,30.77,0.3708,22:55:22
mozilla.org,3,14,40,31.94,0.3708,22:55:21
mozilla.org,4,14,40,36.02,0.3708,22:55:20
mozilla.org,5,12,40,31.35,0.3708,22:55:19
mozilla.org,6,12,40,33.53,0.3708,22:55:18
mozilla.org,7,14,40,38.8,0.3708,22:55:17
mozilla.org,8,13,40,29.86,0.3708,22:55:16
mozilla.org,9,13,40,35.62,0.3708,22:55:15
mozilla.org,10,14,40,32.81,0.3708,22:55:14
firefox.com,1,13,40,26.43,0.3708,22:55:33
firefox.com,2,14,40,30.62,0.3708,22:55:32
firefox.com,3,12,40,28.32,0.3708,22:55:31
firefox.com,4,13,40,29.73,0.3708,22:55:30
firefox.com,5,13,40,31.68,0.3708,22:55:29
firefox.com,6,12,40,28.65,0.3708,22:55:28
firefox.com,7,13,40,33.45,0.3708,22:55:27
firefox.com,8,12,40,33.41,0.3708,22:55:26
firefox.com,9,12,40,30.88,0.3708,22:55:25
firefox.com,10,13,40,33.92,0.3708,22:55:24
brave.com,1,14,40,31.08,0.3708,22:55:43
brave.com,2,14,40,28.44,0.3708,22:55:42
brave.com,3,12,40,30.02,0.3708,22:55:41
brave.com,4,12,40,30.11,0.3708,22:55:40
brave.com,5,14,40,30.99,0.3708,22:55:39
brave.com,6,13,40,30.79,0.3708,22:55:38
brave.com,7,13,40,28.02,0.3708,22:55:37
brave.com,8,13,40,33.04,0.3708,22:55:36
brave.com,9,13,40,29.04,0.3708,22:55:35
brave.com,10,14,40,27.97,0.3708,22:55:34
opera.com,1,13,40,28.3,0.3708,22:55:53
opera.com,2,12,40,27.75,0.3708,22:55:52
opera.com,3,14,40,32.23,0.3708,22:55:51
opera.com,4,13,40,31.88,0.3708,22:55:50
opera.com,5,12,40,35.81,0.3708,22:55:49
opera.com,6,13,40,31.94,0.3708,22:55:48
opera.com,7,12,40,34.75,0.3708,22:55:47
opera.com,8,12,40,31.07,0.3708,22:55:46
opera.com,9,14,40,28.13,0.3708,22:55:45
opera.com,10,12,40,34.28,0.3708,22:55:44
vivaldi.com,1,12,40,28.86,0.3708,22:56:03
vivaldi.com,2,14,40,34.78,0.3708,22:56:02
vivaldi.com,3,12,40,24.64,0.3708,22:56:01
vivaldi.com,4,13,40,33.12,0.3708,22:56:00
vivaldi.com,5,13,40,35.99,0.3708,22:55:59
vivaldi.com,6,14,40,28.91,0.3708,22:55:58
vivaldi.com,7,12,40,30.46,0.3708,22:55:57
vivaldi.com,8,13,40,33.51,0.3708,22:55:56
vivaldi.com,9,12,40,31.97,0.3708,22:55:55
vivaldi.com,10,14,40,29.72,0.3708,22:55:54
nordvpn.com,1,14,40,28.65,0.3708,22:56:13
nordvpn.com,2,13,40,33.15,0.3708,22:56:12
nordvpn.com,3,12,40,29.63,0.3708,22:56:11
nordvpn.com,4,13,40,35.74,0.3708,22:56:10
nordvpn.com,5,13,40,32.08,0.3708,22:56:09
nordvpn.com,6,14,40,28.94,0.3708,22:56:08
nordvpn.com,7,14,40,32.65,0.3708,22:56:07
nordvpn.com,8,12,40,32.53,0.3708,22:56:06
nordvpn.com,9,13,40,32.0,0.3708,22:56:05
nordvpn.com,10,12,40,31.64,0.3708,22:56:04
expressvpn.com,1,14,40,29.42,0.3708,22:56:23
expressvpn.com,2,13,40,31.43,0.3708,22:56:22
expressvpn.com,3,14,40,30.63,0.3708,22:56:21
expressvpn.com,4,13,40,32.68,0.3708,22:56:20
expressvpn.com,5,12,40,32.19,0.3708,22:56:19
expressvpn.com,6,12,40,34.24,0.3708,22:56:18
expressvpn.com,7,13,40,32.92,0.3708,22:56:17
expressvpn.com,8,12,40,19.66,0.3708,22:56:16
expressvpn.com,9,12,40,31.45,0.3708,22:56:15
expressvpn.com,10,14,40,31.2,0.3708,22:56:14
protonvpn.com,1,14,40,34.99,0.3708,22:56:33
protonvpn.com,2,12,40,33.06,0.3708,22:56:32
protonvpn.com,3,12,40,32.65,0.3708,22:56:31
protonvpn.com,4,13,40,30.21,0.3708,22:56:30
protonvpn.com,5,14,40,27.33,0.3708,22:56:29
protonvpn.com,6,14,40,29.73,0.3708,22:56:28
protonvpn.com,7,14,40,33.16,0.3708,22:56:27
protonvpn.com,8,12,40,38.49,0.3708,22:56:26
protonvpn.com,9,14,40,28.06,0.3708,22:56:25
protonvpn.com,10,13,40,24.99,0.3708,22:56:24
torproject.org,1,13,40,34.08,0.3708,22:56:43
torproject.org,2,13,40,27.15,0.3708,22:56:42
torproject.org,3,13,40,29.17,0.3708,22:56:41
torproject.org,4,13,40,29.09,0.3708,22:56:40
torproject.org,5,12,40,31.98,0.3708,22:56:39
torproject.org,6,13,40,31.36,0.3708,22:56:38
torproject.org,7,12,40,29.29,0.3708,22:56:37
torproject.org,8,14,40,28.29,0.3708,22:56:36
torproject.org,9,13,40,30.34,0.3708,22:56:35
torproject.org,10,13,40,36.92,0.3708,22:56:34
mullvad.net,1,13,40,29.56,0.3708,22:56:53
mullvad.net,2,12,40,33.02,0.3708,22:56:52
mullvad.net,3,14,40,30.9,0.3708,22:56:51
mullvad.net,4,14,40,34.87,0.3708,22:56:50
mullvad.net,5,13,40,29.39,0.3708,22:56:49
mullvad.net,6,13,40,25.85,0.3708,22:56:48
mullvad.net,7,14,40,26.07,0.3708,22:56:47
mullvad.net,8,12,40,28.16,0.3708,22:56:46
mullvad.net,9,12,40,34.13,0.3708,22:56:45
mullvad.net,10,13,40,30.74,0.3708,22:56:44
letsencrypt.org,1,12,40,36.31,0.3708,22:57:03
letsencrypt.org,2,12,40,36.8,0.3708,22:57:02
letsencrypt.org,3,14,40,32.8,0.3708,22:57:01
letsencrypt.org,4,14,40,28.7,0.3708,22:57:00
letsencrypt.org,5,14,40,38.2,0.3708,22:56:59
letsencrypt.org,6,14,40,37.66,0.3708,22:56:58
letsencrypt.org,7,13,40,32.49,0.3708,22:56:57
letsencrypt.org,8,13,40,28.66,0.3708,22:56:56
letsencrypt.org,9,14,40,28.41,0.3708,22:56:55
letsencrypt.org,10,12,40,31.99,0.3708,22:56:54
ssl.com,1,14,40,33.61,0.3708,22:57:13
ssl.com,2,14,40,35.08,0.3708,22:57:12
ssl.com,3,13,40,31.25,0.3708,22:57:11
ssl.com,4,14,40,36.6,0.3708,22:57:10
ssl.com,5,12,40,33.56,0.3708,22:57:09
ssl.com,6,14,40,32.81,0.3708,22:57:08
ssl.com,7,13,40,31.0,0.3708,22:57:07
ssl.com,8,13,40,23.17,0.3708,22:57:06
ssl.com,9,13,40,31.32,0.3708,22:57:05
ssl.com,10,12,40,34.94,0.3708,22:57:04
digicert.com,1,12,40,29.79,0.3708,22:57:23
digicert.com,2,13,40,37.23,0.3708,22:57:22
digicert.com,3,13,40,27.36,0.3708,22:57:21
digicert.com,4,12,40,32.31,0.3708,22:57:20
digicert.com,5,12,40,33.61,0.3708,22:57:19
digicert.com,6,13,40,31.08,0.3708,22:57:18
digicert.com,7,13,40,34.02,0.3708,22:57:17
digicert.com,8,14,40,31.74,0.3708,22:57:16
digicert.com,9,12,40,29.86,0.3708,22:57:15
digicert.com,10,14,40,31.01,0.3708,22:57:14
godaddy.com,1,13,40,29.34,0.3708,22:57:33
godaddy.com,2,13,40,29.65,0.3708,22:57:32
godaddy.com,3,14,40,35.18,0.3708,22:57:31
godaddy.com,4,14,40,33.12,0.3708,22:57:30
godaddy.com,5,12,40,32.68,0.3708,22:57:29
godaddy.com,6,12,40,32.12,0.3708,22:57:28
godaddy.com,7,14,40,28.16,0.3708,22:57:27
godaddy.com,8,14,40,38.22,0.3708,22:57:26
godaddy.com,9,12,40,36.01,0.3708,22:57:25
godaddy.com,10,14,40,32.22,0.3708,22:57:24
namecheap.com,1,12,40,31.26,0.3708,22:57:43
namecheap.com,2,12,40,31.49,0.3708,22:57:42
namecheap.com,3,12,40,32.02,0.3708,22:57:41
namecheap.com,4,14,40,29.45,0.3708,22:57:40
namecheap.com,5,13,40,31.91,0.3708,22:57:39
namecheap.com,6,13,40,28.57,0.3708,22:57:38
namecheap.com,7,13,40,33.58,0.3708,22:57:37
namecheap.com,8,13,40,33.1,0.3708,22:57:36
namecheap.com,9,13,40,32.09,0.3708,22:57:35
namecheap.com,10,13,40,31.98,0.3708,22:57:34
1password.com,1,12,40,31.89,0.3708,22:57:53
1password.com,2,14,40,29.4,0.3708,22:57:52
1password.com,3,13,40,33.51,0.3708,22:57:51
1password.com,4,12,40,29.86,0.3708,22:57:50
1password.com,5,13,40,32.33,0.3708,22:57:49
1password.com,6,14,40,33.47,0.3708,22:57:48
1password.com,7,14,40,34.94,0.3708,22:57:47
1password.com,8,12,40,33.4,0.3708,22:57:46
1password.com,9,12,40,28.03,0.3708,22:57:45
1password.com,10,14,40,33.38,0.3708,22:57:44
lastpass.com,1,12,40,37.54,0.3708,22:58:03
lastpass.com,2,13,40,33.48,0.3708,22:58:02
lastpass.com,3,12,40,32.88,0.3708,22:58:01
lastpass.com,4,13,40,36.42,0.3708,22:58:00
lastpass.com,5,13,40,26.15,0.3708,22:57:59
lastpass.com,6,13,40,31.84,0.3708,22:57:58
lastpass.com,7,12,40,29.18,0.3708,22:57:57
lastpass.com,8,12,40,30.22,0.3708,22:57:56
lastpass.com,9,13,40,37.65,0.3708,22:57:55
lastpass.com,10,14,40,32.58,0.3708,22:57:54
bitwarden.com,1,14,40,28.86,0.3708,22:58:13
bitwarden.com,2,12,40,33.13,0.3708,22:58:12
bitwarden.com,3,13,40,27.66,0.3708,22:58:11
bitwarden.com,4,13,40,32.64,0.3708,22:58:10
bitwarden.com,5,13,40,31.16,0.3708,22:58:09
bitwarden.com,6,13,40,30.91,0.3708,22:58:08
bitwarden.com,7,14,40,24.48,0.3708,22:58:07
bitwarden.com,8,14,40,35.97,0.3708,22:58:06
bitwarden.com,9,14,40,34.54,0.3708,22:58:05
bitwarden.com,10,13,40,32.64,0.3708,22:58:04
keybase.io,1,14,40,31.07,0.3708,22:58:23
keybase.io,2,14,40,35.08,0.3708,22:58:22
keybase.io,3,13,40,29.64,0.3708,22:58:21
keybase.io,4,14,40,27.71,0.3708,22:58:20
keybase.io,5,13,40,36.41,0.3708,22:58:19
keybase.io,6,12,40,33.51,0.3708,22:58:18
keybase.io,7,13,40,27.59,0.3708,22:58:17
keybase.io,8,14,40,37.99,0.3708,22:58:16
keybase.io,9,13,40,27.76,0.3708,22:58:15
keybase.io,10,14,40,26.91,0.3708,22:58:14
veracrypt.fr,1,12,40,35.39,0.3708,22:58:33
veracrypt.fr,2,13,40,30.28,0.3708,22:58:32
veracrypt.fr,3,12,40,24.69,0.3708,22:58:31
veracrypt.fr,4,13,40,36.04,0.3708,22:58:30
veracrypt.fr,5,13,40,32.22,0.3708,22:58:29
veracrypt.fr,6,14,40,27.89,0.3708,22:58:28
veracrypt.fr,7,12,40,27.57,0.3708,22:58:27
veracrypt.fr,8,13,40,32.16,0.3708,22:58:26
veracrypt.fr,9,13,40,27.84,0.3708,22:58:25
veracrypt.fr,10,13,40,35.03,0.3708,22:58:24
wireshark.org,1,14,40,24.81,0.3708,22:58:43
wireshark.org,2,14,40,38.8,0.3708,22:58:42
wireshark.org,3,13,40,33.14,0.3708,22:58:41
wireshark.org,4,12,40,34.7,0.3708,22:58:40
wireshark.org,5,13,40,26.79,0.3708,22:58:39
wireshark.org,6,13,40,34.17,0.3708,22:58:38
wireshark.org,7,12,40,35.46,0.3708,22:58:37
wireshark.org,8,14,40,35.0,0.3708,22:58:36
wireshark.org,9,12,40,24.68,0.3708,22:58:35
wireshark.org,10,14,40,27.37,0.3708,22:58:34
nmap.org,1,13,40,23.77,0.3708,22:58:53
nmap.org,2,13,40,31.33,0.3708,22:58:52
nmap.org,3,12,40,29.38,0.3708,22:58:51
nmap.org,4,14,40,38.8,0.3708,22:58:50
nmap.org,5,13,40,30.25,0.3708,22:58:49
nmap.org,6,14,40,28.53,0.3708,22:58:48
nmap.org,7,12,40,31.26,0.3708,22:58:47
nmap.org,8,14,40,35.82,0.3708,22:58:46
nmap.org,9,12,40,24.09,0.3708,22:58:45
nmap.org,10,13,40,30.57,0.3708,22:58:44
metasploit.com,1,13,40,36.31,0.3708,22:59:03
metasploit.com,2,12,40,31.26,0.3708,22:59:02
metasploit.com,3,14,40,27.97,0.3708,22:59:01
metasploit.com,4,12,40,34.3,0.3708,22:59:00
metasploit.com,5,14,40,28.09,0.3708,22:58:59
metasploit.com,6,12,40,31.27,0.3708,22:58:58
metasploit.com,7,13,40,37.43,0.3708,22:58:57
metasploit.com,8,13,40,38.8,0.3708,22:58:56
metasploit.com,9,14,40,34.47,0.3708,22:58:55
metasploit.com,10,14,40,33.18,0.3708,22:58:54
kali.org,1,13,40,33.1,0.3708,22:59:13
kali.org,2,12,40,32.19,0.3708,22:59:12
kali.org,3,14,40,34.37,0.3708,22:59:11
kali.org,4,12,40,35.7,0.3708,22:59:10
kali.org,5,14,40,35.19,0.3708,22:59:09
kali.org,6,13,40,38.8,0.3708,22:59:08
kali.org,7,12,40,30.45,0.3708,22:59:07
kali.org,8,14,40,33.44,0.3708,22:59:06
kali.org,9,12,40,32.52,0.3708,22:59:05
kali.org,10,14,40,25.85,0.3708,22:59:04
backbox.org,1,12,40,31.0,0.3708,22:59:23
backbox.org,2,14,40,29.02,0.3708,22:59:22
backbox.org,3,13,40,25.25,0.3708,22:59:21
backbox.org,4,14,40,31.26,0.3708,22:59:20
backbox.org,5,13,40,34.23,0.3708,22:59:19
backbox.org,6,14,40,33.49,0.3708,22:59:18
backbox.org,7,13,40,35.08,0.3708,22:59:17
backbox.org,8,12,40,28.21,0.3708,22:59:16
backbox.org,9,12,40,34.94,0.3708,22:59:15
backbox.org,10,14,40,31.55,0.3708,22:59:14
usenix.org,1,14,40,33.35,0.3708,22:59:33
usenix.org,2,13,40,31.78,0.3708,22:59:32
usenix.org,3,12,40,33.95,0.3708,22:59:31
usenix.org,4,13,40,32.7,0.3708,22:59:30
usenix.org,5,13,40,34.48,0.3708,22:59:29
usenix.org,6,12,40,33.29,0.3708,22:59:28
usenix.org,7,13,40,30.08,0.3708,22:59:27
usenix.org,8,14,40,26.66,0.3708,22:59:26
usenix.org,9,13,40,28.52,0.3708,22:59:25
usenix.org,10,14,40,27.7,0.3708,22:59:24
acm.org,1,14,40,22.02,0.3708,22:59:43
acm.org,2,12,40,22.09,0.3708,22:59:42
acm.org,3,13,40,26.22,0.3708,22:59:41
acm.org,4,13,40,31.81,0.3708,22:59:40
acm.org,5,12,40,38.8,0.3708,22:59:39
acm.org,6,12,40,29.44,0.3708,22:59:38
acm.org,7,12,40,32.01,0.3708,22:59:37
acm.org,8,13,40,24.31,0.3708,22:59:36
acm.org,9,13,40,36.42,0.3708,22:59:35
acm.org,10,14,40,23.54,0.3708,22:59:34
springer.com,1,14,40,30.66,0.3708,22:59:53
springer.com,2,14,40,28.49,0.3708,22:59:52
springer.com,3,12,40,29.17,0.3708,22:59:51
springer.com,4,13,40,27.55,0.3708,22:59:50
springer.com,5,12,40,28.84,0.3708,22:59:49
springer.com,6,12,40,30.63,0.3708,22:59:48
springer.com,7,12,40,31.84,0.3708,22:59:47
springer.com,8,12,40,38.26,0.3708,22:59:46
springer.com,9,14,40,38.66,0.3708,22:59:45
springer.com,10,12,40,33.54,0.3708,22:59:44
elsevier.com,1,14,40,27.35,0.3708,23:00:03
elsevier.com,2,13,40,30.09,0.3708,23:00:02
elsevier.com,3,14,40,33.53,0.3708,23:00:01
elsevier.com,4,13,40,33.83,0.3708,23:00:00
elsevier.com,5,12,40,27.37,0.3708,22:59:59
elsevier.com,6,13,40,28.28,0.3708,22:59:58
elsevier.com,7,13,40,25.17,0.3708,22:59:57
elsevier.com,8,14,40,26.22,0.3708,22:59:56
elsevier.com,9,12,40,32.81,0.3708,22:59:55
elsevier.com,10,14,40,35.99,0.3708,22:59:54
wiley.com,1,14,40,29.83,0.3708,23:00:13
wiley.com,2,14,40,29.47,0.3708,23:00:12
wiley.com,3,13,40,38.7,0.3708,23:00:11
wiley.com,4,13,40,32.53,0.3708,23:00:10
wiley.com,5,13,40,33.81,0.3708,23:00:09
wiley.com,6,14,40,30.96,0.3708,23:00:08
wiley.com,7,14,40,30.96,0.3708,23:00:07
wiley.com,8,12,40,31.99,0.3708,23:00:06
wiley.com,9,12,40,38.67,0.3708,23:00:05
wiley.com,10,12,40,32.98,0.3708,23:00:04
